DT_GERACAO,HH_GERACAO,ANO_ELEICAO,CD_TIPO_ELEICAO,NM_TIPO_ELEICAO,NR_TURNO,CD_ELEICAO,DS_ELEICAO,DT_ELEICAO,TP_ABRANGENCIA,SG_UF,SG_UE,NM_UE,CD_MUNICIPIO,NM_MUNICIPIO,NR_ZONA,NR_SECAO,CD_CARGO,DS_CARGO,QT_APTOS,QT_COMPARECIMENTO,QT_ABSTENCOES,QT_VOTOS_NOMINAIS,QT_VOTOS_BRANCOS,QT_VOTOS_NULOS,QT_VOTOS_LEGENDA,QT_VOTOS_ANULADOS_APU_SEP,NR_LOCAL_VOTACAO,NM_LOCAL_VOTACAO,DS_LOCAL_VOTACAO_ENDERECO
21/12/2020,18:19:08,2020,2,Eleição Ordinária,1,426,Eleições Municipais 2020,15/11/2020,M,SP,72095,UBATUBA,72095,UBATUBA,144,229,11,Prefeito,384,270,114,238,15,17,0,0,2119,#NE,#NE
21/12/2020,18:19:08,2020,2,Eleição Ordinária,1,426,Eleições Municipais 2020,15/11/2020,M,SP,72095,UBATUBA,72095,UBATUBA,144,229,13,Vereador,384,270,114,234,13,13,10,0,2119,#NE,#NE
21/12/2020,18:19:08,2020,2,Eleição Ordinária,1,426,Eleições Municipais 2020,15/11/2020,M,SP,72095,UBATUBA,72095,UBATUBA,144,83,11,Prefeito,369,243,126,216,14,13,0,0,2119,#NE,#NE
21/12/2020,18:19:08,2020,2,Eleição Ordinária,1,426,Eleições Municipais 2020,15/11/2020,M,SP,72095,UBATUBA,72095,UBATUBA,144,83,13,Vereador,369,243,126,208,11,12,12,0,2119,#NE,#NE
21/12/2020,18:19:08,2020,2,Eleição Ordinária,1,426,Eleições Municipais 2020,15/11/2020,M,SP,72095,UBATUBA,72095,UBATUBA,144,94,11,Prefeito,372,239,133,208,12,19,0,0,2119,#NE,#NE
21/12/2020,18:19:08,2020,2,Eleição Ordinária,1,426,Eleições Municipais 2020,15/11/2020,M,SP,72095,UBATUBA,72095,UBATUBA,144,94,13,Vereador,372,239,133,205,9,15,10,0,2119,#NE,#NE
21/12/2020,18:19:08,2020,2,Eleição Ordinária,1,426,Eleições Municipais 2020,15/11/2020,M,SP,72095,UBATUBA,72095,UBATUBA,144,3,13,Vereador,434,270,164,243,8,5,14,0,1015,#NE,#NE
21/12/2020,18:19:08,2020,2,Eleição Ordinária,1,426,Eleições Municipais 2020,15/11/2020,M,SP,72095,UBATUBA,72095,UBATUBA,144,3,11,Prefeito,434,270,164,245,8,17,0,0,1015,#NE,#NE
21/12/2020,18:19:08,2020,2,Eleição Ordinária,1,426,Eleições Municipais 2020,15/11/2020,M,SP,72095,UBATUBA,72095,UBATUBA,144,107,11,Prefeito,461,294,167,258,13,23,0,0,1015,#NE,#NE
21/12/2020,18:19:08,2020,2,Eleição Ordinária,1,426,Eleições Municipais 2020,15/11/2020,M,SP,72095,UBATUBA,72095,UBATUBA,144,107,13,Vereador,461,294,167,259,6,14,15,0,1015,#NE,#NE
21/12/2020,18:19:08,2020,2,Eleição Ordinária,1,426,Eleições Municipais 2020,15/11/2020,M,SP,72095,UBATUBA,72095,UBATUBA,144,5,11,Prefeito,441,257,184,232,9,16,0,0,1015,#NE,#NE
21/12/2020,18:19:08,2020,2,Eleição Ordinária,1,426,Eleições Municipais 2020,15/11/2020,M,SP,72095,UBATUBA,72095,UBATUBA,144,5,13,Vereador,441,257,184,229,9,8,11,0,1015,#NE,#NE
21/12/2020,18:19:08,2020,2,Eleição Ordinária,1,426,Eleições Municipais 2020,15/11/2020,M,SP,72095,UBATUBA,72095,UBATUBA,144,60,13,Vereador,460,317,143,289,6,9,13,0,1015,#NE,#NE
21/12/2020,18:19:08,2020,2,Eleição Ordinária,1,426,Eleições Municipais 2020,15/11/2020,M,SP,72095,UBATUBA,72095,UBATUBA,144,60,11,Prefeito,460,317,143,294,14,9,0,0,1015,#NE,#NE
21/12/2020,18:19:08,2020,2,Eleição Ordinária,1,426,Eleições Municipais 2020,15/11/2020,M,SP,72095,UBATUBA,72095,UBATUBA,144,1,11,Prefeito,433,265,168,234,15,16,0,0,1015,#NE,#NE
21/12/2020,18:19:08,2020,2,Eleição Ordinária,1,426,Eleições Municipais 2020,15/11/2020,M,SP,72095,UBATUBA,72095,UBATUBA,144,1,13,Vereador,433,265,168,222,11,12,20,0,1015,#NE,#NE
21/12/2020,18:19:08,2020,2,Eleição Ordinária,1,426,Eleições Municipais 2020,15/11/2020,M,SP,72095,UBATUBA,72095,UBATUBA,144,130,13,Vereador,334,222,112,197,13,6,6,0,2011,#NE,#NE
21/12/2020,18:19:08,2020,2,Eleição Ordinária,1,426,Eleições Municipais 2020,15/11/2020,M,SP,72095,UBATUBA,72095,UBATUBA,144,130,11,Prefeito,334,222,112,192,16,14,0,0,2011,#NE,#NE
21/12/2020,18:19:08,2020,2,Eleição Ordinária,1,426,Eleições Municipais 2020,15/11/2020,M,SP,72095,UBATUBA,72095,UBATUBA,144,92,13,Vereador,338,234,104,214,6,5,9,0,2011,#NE,#NE
21/12/2020,18:19:08,2020,2,Eleição Ordinária,1,426,Eleições Municipais 2020,15/11/2020,M,SP,72095,UBATUBA,72095,UBATUBA,144,92,11,Prefeito,338,234,104,200,16,18,0,0,2011,#NE,#NE
21/12/2020,18:19:08,2020,2,Eleição Ordinária,1,426,Eleições Municipais 2020,15/11/2020,M,SP,72095,UBATUBA,72095,UBATUBA,144,174,13,Vereador,336,213,123,192,10,6,5,0,2011,#NE,#NE
21/12/2020,18:19:08,2020,2,Eleição Ordinária,1,426,Eleições Municipais 2020,15/11/2020,M,SP,72095,UBATUBA,72095,UBATUBA,144,174,11,Prefeito,336,213,123,192,11,10,0,0,2011,#NE,#NE
21/12/2020,18:19:08,2020,2,Eleição Ordinária,1,426,Eleições Municipais 2020,15/11/2020,M,SP,72095,UBATUBA,72095,UBATUBA,144,213,13,Vereador,341,255,86,233,8,5,9,0,2011,#NE,#NE
21/12/2020,18:19:08,2020,2,Eleição Ordinária,1,426,Eleições Municipais 2020,15/11/2020,M,SP,72095,UBATUBA,72095,UBATUBA,144,213,11,Prefeito,341,255,86,229,14,12,0,0,2011,#NE,#NE
21/12/2020,18:19:08,2020,2,Eleição Ordinária,1,426,Eleições Municipais 2020,15/11/2020,M,SP,72095,UBATUBA,72095,UBATUBA,144,103,13,Vereador,487,363,124,314,15,13,21,0,2020,#NE,#NE
21/12/2020,18:19:08,2020,2,Eleição Ordinária,1,426,Eleições Municipais 2020,15/11/2020,M,SP,72095,UBATUBA,72095,UBATUBA,144,103,11,Prefeito,487,363,124,327,16,20,0,0,2020,#NE,#NE
21/12/2020,18:19:08,2020,2,Eleição Ordinária,1,426,Eleições Municipais 2020,15/11/2020,M,SP,72095,UBATUBA,72095,UBATUBA,144,226,13,Vereador,374,289,85,250,11,18,10,0,2020,#NE,#NE
21/12/2020,18:19:08,2020,2,Eleição Ordinária,1,426,Eleições Municipais 2020,15/11/2020,M,SP,72095,UBATUBA,72095,UBATUBA,144,226,11,Prefeito,374,289,85,256,13,20,0,0,2020,#NE,#NE
21/12/2020,18:19:08,2020,2,Eleição Ordinária,1,426,Eleições Municipais 2020,15/11/2020,M,SP,72095,UBATUBA,72095,UBATUBA,144,82,13,Vereador,487,353,134,303,14,16,20,0,2020,#NE,#NE
21/12/2020,18:19:08,2020,2,Eleição Ordinária,1,426,Eleições Municipais 2020,15/11/2020,M,SP,72095,UBATUBA,72095,UBATUBA,144,82,11,Prefeito,487,353,134,315,17,21,0,0,2020,#NE,#NE
21/12/2020,18:19:08,2020,2,Eleição Ordinária,1,426,Eleições Municipais 2020,15/11/2020,M,SP,72095,UBATUBA,72095,UBATUBA,144,179,13,Vereador,366,266,100,225,19,12,10,0,2020,#NE,#NE
21/12/2020,18:19:08,2020,2,Eleição Ordinária,1,426,Eleições Municipais 2020,15/11/2020,M,SP,72095,UBATUBA,72095,UBATUBA,144,179,11,Prefeito,366,266,100,240,15,11,0,0,2020,#NE,#NE
21/12/2020,18:19:08,2020,2,Eleição Ordinária,1,426,Eleições Municipais 2020,15/11/2020,M,SP,72095,UBATUBA,72095,UBATUBA,144,208,11,Prefeito,392,275,117,227,16,32,0,0,2020,#NE,#NE
21/12/2020,18:19:08,2020,2,Eleição Ordinária,1,426,Eleições Municipais 2020,15/11/2020,M,SP,72095,UBATUBA,72095,UBATUBA,144,208,13,Vereador,392,275,117,223,20,26,6,0,2020,#NE,#NE
21/12/2020,18:19:08,2020,2,Eleição Ordinária,1,426,Eleições Municipais 2020,15/11/2020,M,SP,72095,UBATUBA,72095,UBATUBA,144,123,11,Prefeito,368,246,122,213,9,24,0,0,2020,#NE,#NE
21/12/2020,18:19:08,2020,2,Eleição Ordinária,1,426,Eleições Municipais 2020,15/11/2020,M,SP,72095,UBATUBA,72095,UBATUBA,144,123,13,Vereador,368,246,122,209,9,14,14,0,2020,#NE,#NE
21/12/2020,18:19:08,2020,2,Eleição Ordinária,1,426,Eleições Municipais 2020,15/11/2020,M,SP,72095,UBATUBA,72095,UBATUBA,144,91,11,Prefeito,486,362,124,329,13,20,0,0,2020,#NE,#NE
21/12/2020,18:19:08,2020,2,Eleição Ordinária,1,426,Eleições Municipais 2020,15/11/2020,M,SP,72095,UBATUBA,72095,UBATUBA,144,91,13,Vereador,486,362,124,308,14,9,31,0,2020,#NE,#NE
21/12/2020,18:19:08,2020,2,Eleição Ordinária,1,426,Eleições Municipais 2020,15/11/2020,M,SP,72095,UBATUBA,72095,UBATUBA,144,153,13,Vereador,369,277,92,229,14,15,19,0,2020,#NE,#NE
21/12/2020,18:19:08,2020,2,Eleição Ordinária,1,426,Eleições Municipais 2020,15/11/2020,M,SP,72095,UBATUBA,72095,UBATUBA,144,153,11,Prefeito,369,277,92,240,16,21,0,0,2020,#NE,#NE
21/12/2020,18:19:08,2020,2,Eleição Ordinária,1,426,Eleições Municipais 2020,15/11/2020,M,SP,72095,UBATUBA,72095,UBATUBA,144,161,11,Prefeito,449,301,148,255,27,19,0,0,2100,#NE,#NE
21/12/2020,18:19:08,2020,2,Eleição Ordinária,1,426,Eleições Municipais 2020,15/11/2020,M,SP,72095,UBATUBA,72095,UBATUBA,144,161,13,Vereador,449,301,148,260,20,10,11,0,2100,#NE,#NE
21/12/2020,18:19:08,2020,2,Eleição Ordinária,1,426,Eleições Municipais 2020,15/11/2020,M,SP,72095,UBATUBA,72095,UBATUBA,144,199,11,Prefeito,348,252,96,216,18,18,0,0,2100,#NE,#NE
21/12/2020,18:19:08,2020,2,Eleição Ordinária,1,426,Eleições Municipais 2020,15/11/2020,M,SP,72095,UBATUBA,72095,UBATUBA,144,199,13,Vereador,348,252,96,216,11,11,14,0,2100,#NE,#NE
21/12/2020,18:19:08,2020,2,Eleição Ordinária,1,426,Eleições Municipais 2020,15/11/2020,M,SP,72095,UBATUBA,72095,UBATUBA,144,134,11,Prefeito,447,296,151,255,26,15,0,0,2100,#NE,#NE
21/12/2020,18:19:08,2020,2,Eleição Ordinária,1,426,Eleições Municipais 2020,15/11/2020,M,SP,72095,UBATUBA,72095,UBATUBA,144,134,13,Vereador,447,296,151,258,19,9,10,0,2100,#NE,#NE
21/12/2020,18:19:08,2020,2,Eleição Ordinária,1,426,Eleições Municipais 2020,15/11/2020,M,SP,72095,UBATUBA,72095,UBATUBA,144,162,13,Vereador,389,324,65,291,9,6,18,0,2186,#NE,#NE
21/12/2020,18:19:08,2020,2,Eleição Ordinária,1,426,Eleições Municipais 2020,15/11/2020,M,SP,72095,UBATUBA,72095,UBATUBA,144,162,11,Prefeito,389,324,65,297,16,11,0,0,2186,#NE,#NE
21/12/2020,18:19:08,2020,2,Eleição Ordinária,1,426,Eleições Municipais 2020,15/11/2020,M,SP,72095,UBATUBA,72095,UBATUBA,144,211,11,Prefeito,396,318,78,283,21,14,0,0,2186,#NE,#NE
21/12/2020,18:19:08,2020,2,Eleição Ordinária,1,426,Eleições Municipais 2020,15/11/2020,M,SP,72095,UBATUBA,72095,UBATUBA,144,211,13,Vereador,396,318,78,280,8,10,20,0,2186,#NE,#NE
21/12/2020,18:19:08,2020,2,Eleição Ordinária,1,426,Eleições Municipais 2020,15/11/2020,M,SP,72095,UBATUBA,72095,UBATUBA,144,189,11,Prefeito,390,302,88,271,21,10,0,0,2186,#NE,#NE
21/12/2020,18:19:08,2020,2,Eleição Ordinária,1,426,Eleições Municipais 2020,15/11/2020,M,SP,72095,UBATUBA,72095,UBATUBA,144,189,13,Vereador,390,302,88,254,18,7,23,0,2186,#NE,#NE
21/12/2020,18:19:08,2020,2,Eleição Ordinária,1,426,Eleições Municipais 2020,15/11/2020,M,SP,72095,UBATUBA,72095,UBATUBA,144,63,11,Prefeito,334,254,80,224,11,19,0,0,1066,#NE,#NE
21/12/2020,18:19:08,2020,2,Eleição Ordinária,1,426,Eleições Municipais 2020,15/11/2020,M,SP,72095,UBATUBA,72095,UBATUBA,144,63,13,Vereador,334,254,80,215,10,15,14,0,1066,#NE,#NE
21/12/2020,18:19:08,2020,2,Eleição Ordinária,1,426,Eleições Municipais 2020,15/11/2020,M,SP,72095,UBATUBA,72095,UBATUBA,144,51,13,Vereador,496,328,168,275,17,17,19,0,1066,#NE,#NE
21/12/2020,18:19:08,2020,2,Eleição Ordinária,1,426,Eleições Municipais 2020,15/11/2020,M,SP,72095,UBATUBA,72095,UBATUBA,144,51,11,Prefeito,496,328,168,285,18,25,0,0,1066,#NE,#NE
21/12/2020,18:19:08,2020,2,Eleição Ordinária,1,426,Eleições Municipais 2020,15/11/2020,M,SP,72095,UBATUBA,72095,UBATUBA,144,54,11,Prefeito,333,226,107,195,12,19,0,0,1066,#NE,#NE
21/12/2020,18:19:08,2020,2,Eleição Ordinária,1,426,Eleições Municipais 2020,15/11/2020,M,SP,72095,UBATUBA,72095,UBATUBA,144,54,13,Vereador,333,226,107,190,11,14,11,0,1066,#NE,#NE
21/12/2020,18:19:08,2020,2,Eleição Ordinária,1,426,Eleições Municipais 2020,15/11/2020,M,SP,72095,UBATUBA,72095,UBATUBA,144,52,11,Prefeito,496,329,167,296,16,17,0,0,1066,#NE,#NE
21/12/2020,18:19:08,2020,2,Eleição Ordinária,1,426,Eleições Municipais 2020,15/11/2020,M,SP,72095,UBATUBA,72095,UBATUBA,144,52,13,Vereador,496,329,167,289,12,16,12,0,1066,#NE,#NE
21/12/2020,18:19:08,2020,2,Eleição Ordinária,1,426,Eleições Municipais 2020,15/11/2020,M,SP,72095,UBATUBA,72095,UBATUBA,144,74,11,Prefeito,334,237,97,220,8,9,0,0,1066,#NE,#NE
21/12/2020,18:19:08,2020,2,Eleição Ordinária,1,426,Eleições Municipais 2020,15/11/2020,M,SP,72095,UBATUBA,72095,UBATUBA,144,74,13,Vereador,334,237,97,206,12,5,14,0,1066,#NE,#NE
21/12/2020,18:19:08,2020,2,Eleição Ordinária,1,426,Eleições Municipais 2020,15/11/2020,M,SP,72095,UBATUBA,72095,UBATUBA,144,98,13,Vereador,333,222,111,194,7,8,13,0,1066,#NE,#NE
21/12/2020,18:19:08,2020,2,Eleição Ordinária,1,426,Eleições Municipais 2020,15/11/2020,M,SP,72095,UBATUBA,72095,UBATUBA,144,98,11,Prefeito,333,222,111,202,6,14,0,0,1066,#NE,#NE
21/12/2020,18:19:08,2020,2,Eleição Ordinária,1,426,Eleições Municipais 2020,15/11/2020,M,SP,72095,UBATUBA,72095,UBATUBA,144,53,13,Vereador,330,229,101,203,5,10,11,0,1066,#NE,#NE
21/12/2020,18:19:08,2020,2,Eleição Ordinária,1,426,Eleições Municipais 2020,15/11/2020,M,SP,72095,UBATUBA,72095,UBATUBA,144,53,11,Prefeito,330,229,101,208,10,11,0,0,1066,#NE,#NE
21/12/2020,18:19:08,2020,2,Eleição Ordinária,1,426,Eleições Municipais 2020,15/11/2020,M,SP,72095,UBATUBA,72095,UBATUBA,144,150,13,Vereador,454,303,151,279,6,9,9,0,2062,#NE,#NE
21/12/2020,18:19:08,2020,2,Eleição Ordinária,1,426,Eleições Municipais 2020,15/11/2020,M,SP,72095,UBATUBA,72095,UBATUBA,144,150,11,Prefeito,454,303,151,281,9,13,0,0,2062,#NE,#NE
21/12/2020,18:19:08,2020,2,Eleição Ordinária,1,426,Eleições Municipais 2020,15/11/2020,M,SP,72095,UBATUBA,72095,UBATUBA,144,173,11,Prefeito,452,311,141,280,19,12,0,0,2062,#NE,#NE
21/12/2020,18:19:08,2020,2,Eleição Ordinária,1,426,Eleições Municipais 2020,15/11/2020,M,SP,72095,UBATUBA,72095,UBATUBA,144,173,13,Vereador,452,311,141,287,11,7,6,0,2062,#NE,#NE
21/12/2020,18:19:08,2020,2,Eleição Ordinária,1,426,Eleições Municipais 2020,15/11/2020,M,SP,72095,UBATUBA,72095,UBATUBA,144,207,13,Vereador,306,219,87,202,7,4,6,0,2062,#NE,#NE
21/12/2020,18:19:08,2020,2,Eleição Ordinária,1,426,Eleições Municipais 2020,15/11/2020,M,SP,72095,UBATUBA,72095,UBATUBA,144,207,11,Prefeito,306,219,87,201,13,5,0,0,2062,#NE,#NE
21/12/2020,18:19:08,2020,2,Eleição Ordinária,1,426,Eleições Municipais 2020,15/11/2020,M,SP,72095,UBATUBA,72095,UBATUBA,144,110,13,Vereador,304,213,91,195,6,10,2,0,2062,#NE,#NE
21/12/2020,18:19:08,2020,2,Eleição Ordinária,1,426,Eleições Municipais 2020,15/11/2020,M,SP,72095,UBATUBA,72095,UBATUBA,144,110,11,Prefeito,304,213,91,193,6,14,0,0,2062,#NE,#NE
21/12/2020,18:19:08,2020,2,Eleição Ordinária,1,426,Eleições Municipais 2020,15/11/2020,M,SP,72095,UBATUBA,72095,UBATUBA,144,125,13,Vereador,298,203,95,181,8,8,6,0,2062,#NE,#NE
21/12/2020,18:19:08,2020,2,Eleição Ordinária,1,426,Eleições Municipais 2020,15/11/2020,M,SP,72095,UBATUBA,72095,UBATUBA,144,125,11,Prefeito,298,203,95,183,7,13,0,0,2062,#NE,#NE
21/12/2020,18:19:08,2020,2,Eleição Ordinária,1,426,Eleições Municipais 2020,15/11/2020,M,SP,72095,UBATUBA,72095,UBATUBA,144,142,13,Vereador,387,297,90,271,10,9,7,0,2127,#NE,#NE
21/12/2020,18:19:08,2020,2,Eleição Ordinária,1,426,Eleições Municipais 2020,15/11/2020,M,SP,72095,UBATUBA,72095,UBATUBA,144,142,11,Prefeito,387,297,90,265,19,13,0,0,2127,#NE,#NE
21/12/2020,18:19:08,2020,2,Eleição Ordinária,1,426,Eleições Municipais 2020,15/11/2020,M,SP,72095,UBATUBA,72095,UBATUBA,144,203,13,Vereador,393,288,105,248,12,13,15,0,2127,#NE,#NE
21/12/2020,18:19:08,2020,2,Eleição Ordinária,1,426,Eleições Municipais 2020,15/11/2020,M,SP,72095,UBATUBA,72095,UBATUBA,144,203,11,Prefeito,393,288,105,262,11,15,0,0,2127,#NE,#NE
21/12/2020,18:19:08,2020,2,Eleição Ordinária,1,426,Eleições Municipais 2020,15/11/2020,M,SP,72095,UBATUBA,72095,UBATUBA,144,215,11,Prefeito,421,338,83,303,14,21,0,0,2127,#NE,#NE
21/12/2020,18:19:08,2020,2,Eleição Ordinária,1,426,Eleições Municipais 2020,15/11/2020,M,SP,72095,UBATUBA,72095,UBATUBA,144,215,13,Vereador,421,338,83,301,11,15,11,0,2127,#NE,#NE
21/12/2020,18:19:08,2020,2,Eleição Ordinária,1,426,Eleições Municipais 2020,15/11/2020,M,SP,72095,UBATUBA,72095,UBATUBA,144,184,13,Vereador,389,282,107,240,9,12,21,0,2127,#NE,#NE
21/12/2020,18:19:08,2020,2,Eleição Ordinária,1,426,Eleições Municipais 2020,15/11/2020,M,SP,72095,UBATUBA,72095,UBATUBA,144,184,11,Prefeito,389,282,107,249,12,21,0,0,2127,#NE,#NE
21/12/2020,18:19:08,2020,2,Eleição Ordinária,1,426,Eleições Municipais 2020,15/11/2020,M,SP,72095,UBATUBA,72095,UBATUBA,144,138,13,Vereador,393,291,102,244,9,15,23,0,2127,#NE,#NE
21/12/2020,18:19:08,2020,2,Eleição Ordinária,1,426,Eleições Municipais 2020,15/11/2020,M,SP,72095,UBATUBA,72095,UBATUBA,144,138,11,Prefeito,393,291,102,251,16,24,0,0,2127,#NE,#NE
21/12/2020,18:19:08,2020,2,Eleição Ordinária,1,426,Eleições Municipais 2020,15/11/2020,M,SP,72095,UBATUBA,72095,UBATUBA,144,11,13,Vereador,438,260,178,218,9,10,23,0,1023,#NE,#NE
21/12/2020,18:19:08,2020,2,Eleição Ordinária,1,426,Eleições Municipais 2020,15/11/2020,M,SP,72095,UBATUBA,72095,UBATUBA,144,11,11,Prefeito,438,260,178,229,16,15,0,0,1023,#NE,#NE
21/12/2020,18:19:08,2020,2,Eleição Ordinária,1,426,Eleições Municipais 2020,15/11/2020,M,SP,72095,UBATUBA,72095,UBATUBA,144,14,11,Prefeito,289,195,94,168,12,15,0,0,1023,#NE,#NE
21/12/2020,18:19:08,2020,2,Eleição Ordinária,1,426,Eleições Municipais 2020,15/11/2020,M,SP,72095,UBATUBA,72095,UBATUBA,144,14,13,Vereador,289,195,94,162,12,12,9,0,1023,#NE,#NE
21/12/2020,18:19:08,2020,2,Eleição Ordinária,1,426,Eleições Municipais 2020,15/11/2020,M,SP,72095,UBATUBA,72095,UBATUBA,144,13,13,Vereador,291,176,115,148,8,8,12,0,1023,#NE,#NE
21/12/2020,18:19:08,2020,2,Eleição Ordinária,1,426,Eleições Municipais 2020,15/11/2020,M,SP,72095,UBATUBA,72095,UBATUBA,144,13,11,Prefeito,291,176,115,153,9,14,0,0,1023,#NE,#NE
21/12/2020,18:19:08,2020,2,Eleição Ordinária,1,426,Eleições Municipais 2020,15/11/2020,M,SP,72095,UBATUBA,72095,UBATUBA,144,9,11,Prefeito,290,200,90,183,6,11,0,0,1023,#NE,#NE
21/12/2020,18:19:08,2020,2,Eleição Ordinária,1,426,Eleições Municipais 2020,15/11/2020,M,SP,72095,UBATUBA,72095,UBATUBA,144,9,13,Vereador,290,200,90,176,6,6,12,0,1023,#NE,#NE
21/12/2020,18:19:08,2020,2,Eleição Ordinária,1,426,Eleições Municipais 2020,15/11/2020,M,SP,72095,UBATUBA,72095,UBATUBA,144,16,13,Vereador,292,194,98,178,5,4,7,0,1023,#NE,#NE
21/12/2020,18:19:08,2020,2,Eleição Ordinária,1,426,Eleições Municipais 2020,15/11/2020,M,SP,72095,UBATUBA,72095,UBATUBA,144,16,11,Prefeito,292,194,98,174,11,9,0,0,1023,#NE,#NE
21/12/2020,18:19:08,2020,2,Eleição Ordinária,1,426,Eleições Municipais 2020,15/11/2020,M,SP,72095,UBATUBA,72095,UBATUBA,144,12,13,Vereador,435,312,123,265,12,13,22,0,1023,#NE,#NE
21/12/2020,18:19:08,2020,2,Eleição Ordinária,1,426,Eleições Municipais 2020,15/11/2020,M,SP,72095,UBATUBA,72095,UBATUBA,144,12,11,Prefeito,435,312,123,288,11,13,0,0,1023,#NE,#NE
21/12/2020,18:19:08,2020,2,Eleição Ordinária,1,426,Eleições Municipais 2020,15/11/2020,M,SP,72095,UBATUBA,72095,UBATUBA,144,15,13,Vereador,291,184,107,164,6,5,9,0,1023,#NE,#NE
21/12/2020,18:19:08,2020,2,Eleição Ordinária,1,426,Eleições Municipais 2020,15/11/2020,M,SP,72095,UBATUBA,72095,UBATUBA,144,15,11,Prefeito,291,184,107,168,6,10,0,0,1023,#NE,#NE
21/12/2020,18:19:08,2020,2,Eleição Ordinária,1,426,Eleições Municipais 2020,15/11/2020,M,SP,72095,UBATUBA,72095,UBATUBA,144,72,11,Prefeito,468,325,143,282,25,18,0,0,1112,#NE,#NE
21/12/2020,18:19:08,2020,2,Eleição Ordinária,1,426,Eleições Municipais 2020,15/11/2020,M,SP,72095,UBATUBA,72095,UBATUBA,144,72,13,Vereador,468,325,143,290,17,11,7,0,1112,#NE,#NE
21/12/2020,18:19:08,2020,2,Eleição Ordinária,1,426,Eleições Municipais 2020,15/11/2020,M,SP,72095,UBATUBA,72095,UBATUBA,144,172,11,Prefeito,312,210,102,181,15,14,0,0,1112,#NE,#NE
21/12/2020,18:19:08,2020,2,Eleição Ordinária,1,426,Eleições Municipais 2020,15/11/2020,M,SP,72095,UBATUBA,72095,UBATUBA,144,172,13,Vereador,312,210,102,187,10,7,6,0,1112,#NE,#NE
21/12/2020,18:19:08,2020,2,Eleição Ordinária,1,426,Eleições Municipais 2020,15/11/2020,M,SP,72095,UBATUBA,72095,UBATUBA,144,104,11,Prefeito,316,208,108,181,15,12,0,0,1112,#NE,#NE
21/12/2020,18:19:08,2020,2,Eleição Ordinária,1,426,Eleições Municipais 2020,15/11/2020,M,SP,72095,UBATUBA,72095,UBATUBA,144,104,13,Vereador,316,208,108,188,8,5,7,0,1112,#NE,#NE
21/12/2020,18:19:08,2020,2,Eleição Ordinária,1,426,Eleições Municipais 2020,15/11/2020,M,SP,72095,UBATUBA,72095,UBATUBA,144,87,11,Prefeito,310,217,93,188,10,19,0,0,1112,#NE,#NE
21/12/2020,18:19:08,2020,2,Eleição Ordinária,1,426,Eleições Municipais 2020,15/11/2020,M,SP,72095,UBATUBA,72095,UBATUBA,144,87,13,Vereador,310,217,93,192,3,11,11,0,1112,#NE,#NE
21/12/2020,18:19:08,2020,2,Eleição Ordinária,1,426,Eleições Municipais 2020,15/11/2020,M,SP,72095,UBATUBA,72095,UBATUBA,144,76,11,Prefeito,466,327,139,273,31,23,0,0,1112,#NE,#NE
21/12/2020,18:19:08,2020,2,Eleição Ordinária,1,426,Eleições Municipais 2020,15/11/2020,M,SP,72095,UBATUBA,72095,UBATUBA,144,76,13,Vereador,466,327,139,283,18,13,13,0,1112,#NE,#NE
21/12/2020,18:19:08,2020,2,Eleição Ordinária,1,426,Eleições Municipais 2020,15/11/2020,M,SP,72095,UBATUBA,72095,UBATUBA,144,100,13,Vereador,310,219,91,196,7,11,5,0,1112,#NE,#NE
21/12/2020,18:19:08,2020,2,Eleição Ordinária,1,426,Eleições Municipais 2020,15/11/2020,M,SP,72095,UBATUBA,72095,UBATUBA,144,100,11,Prefeito,310,219,91,187,18,14,0,0,1112,#NE,#NE
21/12/2020,18:19:08,2020,2,Eleição Ordinária,1,426,Eleições Municipais 2020,15/11/2020,M,SP,72095,UBATUBA,72095,UBATUBA,144,99,11,Prefeito,452,316,136,296,9,11,0,0,1996,#NE,#NE
21/12/2020,18:19:08,2020,2,Eleição Ordinária,1,426,Eleições Municipais 2020,15/11/2020,M,SP,72095,UBATUBA,72095,UBATUBA,144,99,13,Vereador,452,316,136,287,9,8,12,0,1996,#NE,#NE
21/12/2020,18:19:08,2020,2,Eleição Ordinária,1,426,Eleições Municipais 2020,15/11/2020,M,SP,72095,UBATUBA,72095,UBATUBA,144,121,13,Vereador,445,313,132,290,8,9,6,0,1996,#NE,#NE
21/12/2020,18:19:08,2020,2,Eleição Ordinária,1,426,Eleições Municipais 2020,15/11/2020,M,SP,72095,UBATUBA,72095,UBATUBA,144,121,11,Prefeito,445,313,132,281,14,18,0,0,1996,#NE,#NE
21/12/2020,18:19:08,2020,2,Eleição Ordinária,1,426,Eleições Municipais 2020,15/11/2020,M,SP,72095,UBATUBA,72095,UBATUBA,144,158,11,Prefeito,462,328,134,296,12,20,0,0,1996,#NE,#NE
21/12/2020,18:19:08,2020,2,Eleição Ordinária,1,426,Eleições Municipais 2020,15/11/2020,M,SP,72095,UBATUBA,72095,UBATUBA,144,158,13,Vereador,462,328,134,295,11,11,11,0,1996,#NE,#NE
21/12/2020,18:19:08,2020,2,Eleição Ordinária,1,426,Eleições Municipais 2020,15/11/2020,M,SP,72095,UBATUBA,72095,UBATUBA,144,80,11,Prefeito,463,350,113,319,12,19,0,0,1996,#NE,#NE
21/12/2020,18:19:08,2020,2,Eleição Ordinária,1,426,Eleições Municipais 2020,15/11/2020,M,SP,72095,UBATUBA,72095,UBATUBA,144,80,13,Vereador,463,350,113,323,8,7,12,0,1996,#NE,#NE
21/12/2020,18:19:08,2020,2,Eleição Ordinária,1,426,Eleições Municipais 2020,15/11/2020,M,SP,72095,UBATUBA,72095,UBATUBA,144,86,11,Prefeito,450,304,146,280,14,10,0,0,1996,#NE,#NE
21/12/2020,18:19:08,2020,2,Eleição Ordinária,1,426,Eleições Municipais 2020,15/11/2020,M,SP,72095,UBATUBA,72095,UBATUBA,144,86,13,Vereador,450,304,146,284,8,10,2,0,1996,#NE,#NE
21/12/2020,18:19:08,2020,2,Eleição Ordinária,1,426,Eleições Municipais 2020,15/11/2020,M,SP,72095,UBATUBA,72095,UBATUBA,144,116,13,Vereador,229,152,77,136,3,5,8,0,1996,#NE,#NE
21/12/2020,18:19:08,2020,2,Eleição Ordinária,1,426,Eleições Municipais 2020,15/11/2020,M,SP,72095,UBATUBA,72095,UBATUBA,144,116,11,Prefeito,229,152,77,138,4,10,0,0,1996,#NE,#NE
21/12/2020,18:19:08,2020,2,Eleição Ordinária,1,426,Eleições Municipais 2020,15/11/2020,M,SP,72095,UBATUBA,72095,UBATUBA,144,198,13,Vereador,366,258,108,227,5,13,13,0,2003,#NE,#NE
21/12/2020,18:19:08,2020,2,Eleição Ordinária,1,426,Eleições Municipais 2020,15/11/2020,M,SP,72095,UBATUBA,72095,UBATUBA,144,198,11,Prefeito,366,258,108,236,7,15,0,0,2003,#NE,#NE
21/12/2020,18:19:08,2020,2,Eleição Ordinária,1,426,Eleições Municipais 2020,15/11/2020,M,SP,72095,UBATUBA,72095,UBATUBA,144,93,13,Vereador,296,207,89,188,1,5,13,0,2003,#NE,#NE
21/12/2020,18:19:08,2020,2,Eleição Ordinária,1,426,Eleições Municipais 2020,15/11/2020,M,SP,72095,UBATUBA,72095,UBATUBA,144,93,11,Prefeito,296,207,89,197,2,8,0,0,2003,#NE,#NE
21/12/2020,18:19:08,2020,2,Eleição Ordinária,1,426,Eleições Municipais 2020,15/11/2020,M,SP,72095,UBATUBA,72095,UBATUBA,144,151,11,Prefeito,295,199,96,184,6,9,0,0,2003,#NE,#NE
21/12/2020,18:19:08,2020,2,Eleição Ordinária,1,426,Eleições Municipais 2020,15/11/2020,M,SP,72095,UBATUBA,72095,UBATUBA,144,151,13,Vereador,295,199,96,180,5,5,9,0,2003,#NE,#NE
21/12/2020,18:19:08,2020,2,Eleição Ordinária,1,426,Eleições Municipais 2020,15/11/2020,M,SP,72095,UBATUBA,72095,UBATUBA,144,225,11,Prefeito,306,243,63,229,4,10,0,0,2003,#NE,#NE
21/12/2020,18:19:08,2020,2,Eleição Ordinária,1,426,Eleições Municipais 2020,15/11/2020,M,SP,72095,UBATUBA,72095,UBATUBA,144,225,13,Vereador,306,243,63,233,3,4,3,0,2003,#NE,#NE
21/12/2020,18:19:08,2020,2,Eleição Ordinária,1,426,Eleições Municipais 2020,15/11/2020,M,SP,72095,UBATUBA,72095,UBATUBA,144,224,11,Prefeito,495,359,136,316,17,26,0,0,2038,#NE,#NE
21/12/2020,18:19:08,2020,2,Eleição Ordinária,1,426,Eleições Municipais 2020,15/11/2020,M,SP,72095,UBATUBA,72095,UBATUBA,144,224,13,Vereador,495,359,136,314,14,13,18,0,2038,#NE,#NE
21/12/2020,18:19:08,2020,2,Eleição Ordinária,1,426,Eleições Municipais 2020,15/11/2020,M,SP,72095,UBATUBA,72095,UBATUBA,144,159,13,Vereador,324,223,101,187,14,7,15,0,2038,#NE,#NE
21/12/2020,18:19:08,2020,2,Eleição Ordinária,1,426,Eleições Municipais 2020,15/11/2020,M,SP,72095,UBATUBA,72095,UBATUBA,144,159,11,Prefeito,324,223,101,195,14,14,0,0,2038,#NE,#NE
21/12/2020,18:19:08,2020,2,Eleição Ordinária,1,426,Eleições Municipais 2020,15/11/2020,M,SP,72095,UBATUBA,72095,UBATUBA,144,90,13,Vereador,307,205,102,159,7,22,17,0,2038,#NE,#NE
21/12/2020,18:19:08,2020,2,Eleição Ordinária,1,426,Eleições Municipais 2020,15/11/2020,M,SP,72095,UBATUBA,72095,UBATUBA,144,90,11,Prefeito,307,205,102,169,10,26,0,0,2038,#NE,#NE
21/12/2020,18:19:08,2020,2,Eleição Ordinária,1,426,Eleições Municipais 2020,15/11/2020,M,SP,72095,UBATUBA,72095,UBATUBA,144,193,13,Vereador,497,343,154,284,17,20,22,0,2038,#NE,#NE
21/12/2020,18:19:08,2020,2,Eleição Ordinária,1,426,Eleições Municipais 2020,15/11/2020,M,SP,72095,UBATUBA,72095,UBATUBA,144,193,11,Prefeito,497,343,154,294,24,25,0,0,2038,#NE,#NE
21/12/2020,18:19:08,2020,2,Eleição Ordinária,1,426,Eleições Municipais 2020,15/11/2020,M,SP,72095,UBATUBA,72095,UBATUBA,144,119,11,Prefeito,304,198,106,169,15,14,0,0,2054,#NE,#NE
21/12/2020,18:19:08,2020,2,Eleição Ordinária,1,426,Eleições Municipais 2020,15/11/2020,M,SP,72095,UBATUBA,72095,UBATUBA,144,119,13,Vereador,304,198,106,169,10,7,12,0,2054,#NE,#NE
21/12/2020,18:19:08,2020,2,Eleição Ordinária,1,426,Eleições Municipais 2020,15/11/2020,M,SP,72095,UBATUBA,72095,UBATUBA,144,182,13,Vereador,449,281,168,248,15,10,8,0,2054,#NE,#NE
21/12/2020,18:19:08,2020,2,Eleição Ordinária,1,426,Eleições Municipais 2020,15/11/2020,M,SP,72095,UBATUBA,72095,UBATUBA,144,182,11,Prefeito,449,281,168,242,21,18,0,0,2054,#NE,#NE
21/12/2020,18:19:08,2020,2,Eleição Ordinária,1,426,Eleições Municipais 2020,15/11/2020,M,SP,72095,UBATUBA,72095,UBATUBA,144,148,13,Vereador,451,301,150,265,15,8,13,0,2054,#NE,#NE
21/12/2020,18:19:08,2020,2,Eleição Ordinária,1,426,Eleições Municipais 2020,15/11/2020,M,SP,72095,UBATUBA,72095,UBATUBA,144,148,11,Prefeito,451,301,150,259,24,18,0,0,2054,#NE,#NE
21/12/2020,18:19:08,2020,2,Eleição Ordinária,1,426,Eleições Municipais 2020,15/11/2020,M,SP,72095,UBATUBA,72095,UBATUBA,144,111,13,Vereador,303,211,92,179,14,6,12,0,2054,#NE,#NE
21/12/2020,18:19:08,2020,2,Eleição Ordinária,1,426,Eleições Municipais 2020,15/11/2020,M,SP,72095,UBATUBA,72095,UBATUBA,144,111,11,Prefeito,303,211,92,185,14,12,0,0,2054,#NE,#NE
21/12/2020,18:19:08,2020,2,Eleição Ordinária,1,426,Eleições Municipais 2020,15/11/2020,M,SP,72095,UBATUBA,72095,UBATUBA,144,218,11,Prefeito,312,218,94,196,15,7,0,0,2054,#NE,#NE
21/12/2020,18:19:08,2020,2,Eleição Ordinária,1,426,Eleições Municipais 2020,15/11/2020,M,SP,72095,UBATUBA,72095,UBATUBA,144,218,13,Vereador,312,218,94,192,13,6,7,0,2054,#NE,#NE
21/12/2020,18:19:08,2020,2,Eleição Ordinária,1,426,Eleições Municipais 2020,15/11/2020,M,SP,72095,UBATUBA,72095,UBATUBA,144,163,11,Prefeito,488,380,108,341,14,25,0,0,2178,#NE,#NE
21/12/2020,18:19:08,2020,2,Eleição Ordinária,1,426,Eleições Municipais 2020,15/11/2020,M,SP,72095,UBATUBA,72095,UBATUBA,144,163,13,Vereador,488,380,108,333,10,13,24,0,2178,#NE,#NE
21/12/2020,18:19:08,2020,2,Eleição Ordinária,1,426,Eleições Municipais 2020,15/11/2020,M,SP,72095,UBATUBA,72095,UBATUBA,144,190,11,Prefeito,486,362,124,330,12,20,0,0,2178,#NE,#NE
21/12/2020,18:19:08,2020,2,Eleição Ordinária,1,426,Eleições Municipais 2020,15/11/2020,M,SP,72095,UBATUBA,72095,UBATUBA,144,190,13,Vereador,486,362,124,324,11,14,13,0,2178,#NE,#NE
21/12/2020,18:19:08,2020,2,Eleição Ordinária,1,426,Eleições Municipais 2020,15/11/2020,M,SP,72095,UBATUBA,72095,UBATUBA,144,197,13,Vereador,363,265,98,226,9,15,15,0,2194,#NE,#NE
21/12/2020,18:19:08,2020,2,Eleição Ordinária,1,426,Eleições Municipais 2020,15/11/2020,M,SP,72095,UBATUBA,72095,UBATUBA,144,197,11,Prefeito,363,265,98,235,11,19,0,0,2194,#NE,#NE
21/12/2020,18:19:08,2020,2,Eleição Ordinária,1,426,Eleições Municipais 2020,15/11/2020,M,SP,72095,UBATUBA,72095,UBATUBA,144,228,11,Prefeito,373,307,66,278,15,14,0,0,2194,#NE,#NE
21/12/2020,18:19:08,2020,2,Eleição Ordinária,1,426,Eleições Municipais 2020,15/11/2020,M,SP,72095,UBATUBA,72095,UBATUBA,144,228,13,Vereador,373,307,66,268,14,10,15,0,2194,#NE,#NE
21/12/2020,18:19:08,2020,2,Eleição Ordinária,1,426,Eleições Municipais 2020,15/11/2020,M,SP,72095,UBATUBA,72095,UBATUBA,144,128,13,Vereador,361,274,87,239,10,13,12,0,2194,#NE,#NE
21/12/2020,18:19:08,2020,2,Eleição Ordinária,1,426,Eleições Municipais 2020,15/11/2020,M,SP,72095,UBATUBA,72095,UBATUBA,144,128,11,Prefeito,361,274,87,250,12,12,0,0,2194,#NE,#NE
21/12/2020,18:19:08,2020,2,Eleição Ordinária,1,426,Eleições Municipais 2020,15/11/2020,M,SP,72095,UBATUBA,72095,UBATUBA,144,175,11,Prefeito,363,268,95,239,17,12,0,0,2194,#NE,#NE
21/12/2020,18:19:08,2020,2,Eleição Ordinária,1,426,Eleições Municipais 2020,15/11/2020,M,SP,72095,UBATUBA,72095,UBATUBA,144,175,13,Vereador,363,268,95,235,11,9,13,0,2194,#NE,#NE
21/12/2020,18:19:08,2020,2,Eleição Ordinária,1,426,Eleições Municipais 2020,15/11/2020,M,SP,72095,UBATUBA,72095,UBATUBA,144,210,13,Vereador,395,292,103,254,10,14,14,0,2194,#NE,#NE
21/12/2020,18:19:08,2020,2,Eleição Ordinária,1,426,Eleições Municipais 2020,15/11/2020,M,SP,72095,UBATUBA,72095,UBATUBA,144,210,11,Prefeito,395,292,103,258,13,21,0,0,2194,#NE,#NE
21/12/2020,18:19:08,2020,2,Eleição Ordinária,1,426,Eleições Municipais 2020,15/11/2020,M,SP,72095,UBATUBA,72095,UBATUBA,144,113,13,Vereador,361,278,83,237,6,11,24,0,2194,#NE,#NE
21/12/2020,18:19:08,2020,2,Eleição Ordinária,1,426,Eleições Municipais 2020,15/11/2020,M,SP,72095,UBATUBA,72095,UBATUBA,144,113,11,Prefeito,361,278,83,247,16,15,0,0,2194,#NE,#NE
21/12/2020,18:19:08,2020,2,Eleição Ordinária,1,426,Eleições Municipais 2020,15/11/2020,M,SP,72095,UBATUBA,72095,UBATUBA,144,154,13,Vereador,359,272,87,243,7,12,10,0,2194,#NE,#NE
21/12/2020,18:19:08,2020,2,Eleição Ordinária,1,426,Eleições Municipais 2020,15/11/2020,M,SP,72095,UBATUBA,72095,UBATUBA,144,154,11,Prefeito,359,272,87,250,5,17,0,0,2194,#NE,#NE
21/12/2020,18:19:08,2020,2,Eleição Ordinária,1,426,Eleições Municipais 2020,15/11/2020,M,SP,72095,UBATUBA,72095,UBATUBA,144,89,13,Vereador,361,289,72,264,3,13,9,0,2194,#NE,#NE
21/12/2020,18:19:08,2020,2,Eleição Ordinária,1,426,Eleições Municipais 2020,15/11/2020,M,SP,72095,UBATUBA,72095,UBATUBA,144,89,11,Prefeito,361,289,72,267,8,14,0,0,2194,#NE,#NE
21/12/2020,18:19:08,2020,2,Eleição Ordinária,1,426,Eleições Municipais 2020,15/11/2020,M,SP,72095,UBATUBA,72095,UBATUBA,144,200,11,Prefeito,301,208,93,185,10,13,0,0,2267,#NE,#NE
21/12/2020,18:19:08,2020,2,Eleição Ordinária,1,426,Eleições Municipais 2020,15/11/2020,M,SP,72095,UBATUBA,72095,UBATUBA,144,200,13,Vereador,301,208,93,183,9,12,4,0,2267,#NE,#NE
21/12/2020,18:19:08,2020,2,Eleição Ordinária,1,426,Eleições Municipais 2020,15/11/2020,M,SP,72095,UBATUBA,72095,UBATUBA,144,176,13,Vereador,447,282,165,244,11,13,14,0,2267,#NE,#NE
21/12/2020,18:19:08,2020,2,Eleição Ordinária,1,426,Eleições Municipais 2020,15/11/2020,M,SP,72095,UBATUBA,72095,UBATUBA,144,176,11,Prefeito,447,282,165,253,15,14,0,0,2267,#NE,#NE
21/12/2020,18:19:08,2020,2,Eleição Ordinária,1,426,Eleições Municipais 2020,15/11/2020,M,SP,72095,UBATUBA,72095,UBATUBA,144,186,13,Vereador,445,279,166,230,17,16,16,0,2267,#NE,#NE
21/12/2020,18:19:08,2020,2,Eleição Ordinária,1,426,Eleições Municipais 2020,15/11/2020,M,SP,72095,UBATUBA,72095,UBATUBA,144,186,11,Prefeito,445,279,166,252,14,13,0,0,2267,#NE,#NE
21/12/2020,18:19:08,2020,2,Eleição Ordinária,1,426,Eleições Municipais 2020,15/11/2020,M,SP,72095,UBATUBA,72095,UBATUBA,144,165,13,Vereador,337,233,104,205,8,9,11,0,1104,#NE,#NE
21/12/2020,18:19:08,2020,2,Eleição Ordinária,1,426,Eleições Municipais 2020,15/11/2020,M,SP,72095,UBATUBA,72095,UBATUBA,144,165,11,Prefeito,337,233,104,208,7,18,0,0,1104,#NE,#NE
21/12/2020,18:19:08,2020,2,Eleição Ordinária,1,426,Eleições Municipais 2020,15/11/2020,M,SP,72095,UBATUBA,72095,UBATUBA,144,68,13,Vereador,495,352,143,315,12,11,14,0,1104,#NE,#NE
21/12/2020,18:19:08,2020,2,Eleição Ordinária,1,426,Eleições Municipais 2020,15/11/2020,M,SP,72095,UBATUBA,72095,UBATUBA,144,68,11,Prefeito,495,352,143,320,12,20,0,0,1104,#NE,#NE
21/12/2020,18:19:08,2020,2,Eleição Ordinária,1,426,Eleições Municipais 2020,15/11/2020,M,SP,72095,UBATUBA,72095,UBATUBA,144,109,11,Prefeito,327,238,89,214,11,13,0,0,1104,#NE,#NE
21/12/2020,18:19:08,2020,2,Eleição Ordinária,1,426,Eleições Municipais 2020,15/11/2020,M,SP,72095,UBATUBA,72095,UBATUBA,144,109,13,Vereador,327,238,89,206,8,9,15,0,1104,#NE,#NE
21/12/2020,18:19:08,2020,2,Eleição Ordinária,1,426,Eleições Municipais 2020,15/11/2020,M,SP,72095,UBATUBA,72095,UBATUBA,144,117,11,Prefeito,334,227,107,196,14,17,0,0,1104,#NE,#NE
21/12/2020,18:19:08,2020,2,Eleição Ordinária,1,426,Eleições Municipais 2020,15/11/2020,M,SP,72095,UBATUBA,72095,UBATUBA,144,117,13,Vereador,334,227,107,203,11,8,5,0,1104,#NE,#NE
21/12/2020,18:19:08,2020,2,Eleição Ordinária,1,426,Eleições Municipais 2020,15/11/2020,M,SP,72095,UBATUBA,72095,UBATUBA,144,147,11,Prefeito,329,239,90,218,6,15,0,0,1104,#NE,#NE
21/12/2020,18:19:08,2020,2,Eleição Ordinária,1,426,Eleições Municipais 2020,15/11/2020,M,SP,72095,UBATUBA,72095,UBATUBA,144,147,13,Vereador,329,239,90,213,4,10,12,0,1104,#NE,#NE
21/12/2020,18:19:08,2020,2,Eleição Ordinária,1,426,Eleições Municipais 2020,15/11/2020,M,SP,72095,UBATUBA,72095,UBATUBA,144,131,13,Vereador,331,230,101,197,5,12,16,0,1104,#NE,#NE
21/12/2020,18:19:08,2020,2,Eleição Ordinária,1,426,Eleições Municipais 2020,15/11/2020,M,SP,72095,UBATUBA,72095,UBATUBA,144,131,11,Prefeito,331,230,101,209,6,15,0,0,1104,#NE,#NE
21/12/2020,18:19:08,2020,2,Eleição Ordinária,1,426,Eleições Municipais 2020,15/11/2020,M,SP,72095,UBATUBA,72095,UBATUBA,144,101,13,Vereador,331,238,93,221,8,5,4,0,1104,#NE,#NE
21/12/2020,18:19:08,2020,2,Eleição Ordinária,1,426,Eleições Municipais 2020,15/11/2020,M,SP,72095,UBATUBA,72095,UBATUBA,144,101,11,Prefeito,331,238,93,221,8,9,0,0,1104,#NE,#NE
21/12/2020,18:19:08,2020,2,Eleição Ordinária,1,426,Eleições Municipais 2020,15/11/2020,M,SP,72095,UBATUBA,72095,UBATUBA,144,88,13,Vereador,496,355,141,308,16,11,20,0,1104,#NE,#NE
21/12/2020,18:19:08,2020,2,Eleição Ordinária,1,426,Eleições Municipais 2020,15/11/2020,M,SP,72095,UBATUBA,72095,UBATUBA,144,88,11,Prefeito,496,355,141,321,17,17,0,0,1104,#NE,#NE
21/12/2020,18:19:08,2020,2,Eleição Ordinária,1,426,Eleições Municipais 2020,15/11/2020,M,SP,72095,UBATUBA,72095,UBATUBA,144,166,11,Prefeito,331,229,102,213,6,10,0,0,1104,#NE,#NE
21/12/2020,18:19:08,2020,2,Eleição Ordinária,1,426,Eleições Municipais 2020,15/11/2020,M,SP,72095,UBATUBA,72095,UBATUBA,144,166,13,Vereador,331,229,102,207,8,8,6,0,1104,#NE,#NE
21/12/2020,18:19:08,2020,2,Eleição Ordinária,1,426,Eleições Municipais 2020,15/11/2020,M,SP,72095,UBATUBA,72095,UBATUBA,144,77,11,Prefeito,335,245,90,220,8,17,0,0,1104,#NE,#NE
21/12/2020,18:19:08,2020,2,Eleição Ordinária,1,426,Eleições Municipais 2020,15/11/2020,M,SP,72095,UBATUBA,72095,UBATUBA,144,77,13,Vereador,335,245,90,210,8,12,15,0,1104,#NE,#NE
21/12/2020,18:19:08,2020,2,Eleição Ordinária,1,426,Eleições Municipais 2020,15/11/2020,M,SP,72095,UBATUBA,72095,UBATUBA,144,155,11,Prefeito,332,240,92,215,12,13,0,0,1104,#NE,#NE
21/12/2020,18:19:08,2020,2,Eleição Ordinária,1,426,Eleições Municipais 2020,15/11/2020,M,SP,72095,UBATUBA,72095,UBATUBA,144,155,13,Vereador,332,240,92,218,10,10,2,0,1104,#NE,#NE
21/12/2020,18:19:08,2020,2,Eleição Ordinária,1,426,Eleições Municipais 2020,15/11/2020,M,SP,72095,UBATUBA,72095,UBATUBA,144,164,13,Vereador,356,282,74,255,5,6,16,0,1104,#NE,#NE
21/12/2020,18:19:08,2020,2,Eleição Ordinária,1,426,Eleições Municipais 2020,15/11/2020,M,SP,72095,UBATUBA,72095,UBATUBA,144,164,11,Prefeito,356,282,74,269,2,11,0,0,1104,#NE,#NE
21/12/2020,18:19:08,2020,2,Eleição Ordinária,1,426,Eleições Municipais 2020,15/11/2020,M,SP,72095,UBATUBA,72095,UBATUBA,144,145,11,Prefeito,258,198,60,180,8,10,0,0,2135,#NE,#NE
21/12/2020,18:19:08,2020,2,Eleição Ordinária,1,426,Eleições Municipais 2020,15/11/2020,M,SP,72095,UBATUBA,72095,UBATUBA,144,145,13,Vereador,258,198,60,169,4,5,20,0,2135,#NE,#NE
21/12/2020,18:19:08,2020,2,Eleição Ordinária,1,426,Eleições Municipais 2020,15/11/2020,M,SP,72095,UBATUBA,72095,UBATUBA,144,78,11,Prefeito,494,374,120,340,14,20,0,0,2135,#NE,#NE
21/12/2020,18:19:08,2020,2,Eleição Ordinária,1,426,Eleições Municipais 2020,15/11/2020,M,SP,72095,UBATUBA,72095,UBATUBA,144,78,13,Vereador,494,374,120,338,9,9,18,0,2135,#NE,#NE
21/12/2020,18:19:08,2020,2,Eleição Ordinária,1,426,Eleições Municipais 2020,15/11/2020,M,SP,72095,UBATUBA,72095,UBATUBA,144,143,13,Vereador,497,375,122,327,17,21,10,0,2135,#NE,#NE
21/12/2020,18:19:08,2020,2,Eleição Ordinária,1,426,Eleições Municipais 2020,15/11/2020,M,SP,72095,UBATUBA,72095,UBATUBA,144,143,11,Prefeito,497,375,122,341,12,22,0,0,2135,#NE,#NE
21/12/2020,18:19:08,2020,2,Eleição Ordinária,1,426,Eleições Municipais 2020,15/11/2020,M,SP,72095,UBATUBA,72095,UBATUBA,144,169,11,Prefeito,498,372,126,337,20,15,0,0,2135,#NE,#NE
21/12/2020,18:19:08,2020,2,Eleição Ordinária,1,426,Eleições Municipais 2020,15/11/2020,M,SP,72095,UBATUBA,72095,UBATUBA,144,169,13,Vereador,498,372,126,334,14,13,11,0,2135,#NE,#NE
21/12/2020,18:19:08,2020,2,Eleição Ordinária,1,426,Eleições Municipais 2020,15/11/2020,M,SP,72095,UBATUBA,72095,UBATUBA,144,55,13,Vereador,492,362,130,326,12,14,10,0,2135,#NE,#NE
21/12/2020,18:19:08,2020,2,Eleição Ordinária,1,426,Eleições Municipais 2020,15/11/2020,M,SP,72095,UBATUBA,72095,UBATUBA,144,55,11,Prefeito,492,362,130,326,19,17,0,0,2135,#NE,#NE
21/12/2020,18:19:08,2020,2,Eleição Ordinária,1,426,Eleições Municipais 2020,15/11/2020,M,SP,72095,UBATUBA,72095,UBATUBA,144,185,11,Prefeito,398,296,102,278,9,9,0,0,2275,#NE,#NE
21/12/2020,18:19:08,2020,2,Eleição Ordinária,1,426,Eleições Municipais 2020,15/11/2020,M,SP,72095,UBATUBA,72095,UBATUBA,144,185,13,Vereador,398,296,102,265,6,9,16,0,2275,#NE,#NE
21/12/2020,18:19:08,2020,2,Eleição Ordinária,1,426,Eleições Municipais 2020,15/11/2020,M,SP,72095,UBATUBA,72095,UBATUBA,144,205,13,Vereador,396,300,96,273,9,10,8,0,2275,#NE,#NE
21/12/2020,18:19:08,2020,2,Eleição Ordinária,1,426,Eleições Municipais 2020,15/11/2020,M,SP,72095,UBATUBA,72095,UBATUBA,144,205,11,Prefeito,396,300,96,273,15,12,0,0,2275,#NE,#NE
21/12/2020,18:19:08,2020,2,Eleição Ordinária,1,426,Eleições Municipais 2020,15/11/2020,M,SP,72095,UBATUBA,72095,UBATUBA,144,194,11,Prefeito,389,272,117,240,14,18,0,0,2275,#NE,#NE
21/12/2020,18:19:08,2020,2,Eleição Ordinária,1,426,Eleições Municipais 2020,15/11/2020,M,SP,72095,UBATUBA,72095,UBATUBA,144,194,13,Vereador,389,272,117,240,7,10,15,0,2275,#NE,#NE
21/12/2020,18:19:08,2020,2,Eleição Ordinária,1,426,Eleições Municipais 2020,15/11/2020,M,SP,72095,UBATUBA,72095,UBATUBA,144,188,11,Prefeito,391,261,130,241,12,8,0,0,2275,#NE,#NE
21/12/2020,18:19:08,2020,2,Eleição Ordinária,1,426,Eleições Municipais 2020,15/11/2020,M,SP,72095,UBATUBA,72095,UBATUBA,144,188,13,Vereador,391,261,130,236,11,6,8,0,2275,#NE,#NE
21/12/2020,18:19:08,2020,2,Eleição Ordinária,1,426,Eleições Municipais 2020,15/11/2020,M,SP,72095,UBATUBA,72095,UBATUBA,144,223,11,Prefeito,401,278,123,244,16,18,0,0,2275,#NE,#NE
21/12/2020,18:19:08,2020,2,Eleição Ordinária,1,426,Eleições Municipais 2020,15/11/2020,M,SP,72095,UBATUBA,72095,UBATUBA,144,223,13,Vereador,401,278,123,235,12,10,21,0,2275,#NE,#NE
21/12/2020,18:19:08,2020,2,Eleição Ordinária,1,426,Eleições Municipais 2020,15/11/2020,M,SP,72095,UBATUBA,72095,UBATUBA,144,177,13,Vereador,388,281,107,252,9,11,9,0,2275,#NE,#NE
21/12/2020,18:19:08,2020,2,Eleição Ordinária,1,426,Eleições Municipais 2020,15/11/2020,M,SP,72095,UBATUBA,72095,UBATUBA,144,177,11,Prefeito,388,281,107,245,17,19,0,0,2275,#NE,#NE
21/12/2020,18:19:08,2020,2,Eleição Ordinária,1,426,Eleições Municipais 2020,15/11/2020,M,SP,72095,UBATUBA,72095,UBATUBA,144,219,13,Vereador,395,289,106,249,13,13,14,0,2283,#NE,#NE
21/12/2020,18:19:08,2020,2,Eleição Ordinária,1,426,Eleições Municipais 2020,15/11/2020,M,SP,72095,UBATUBA,72095,UBATUBA,144,219,11,Prefeito,395,289,106,252,17,20,0,0,2283,#NE,#NE
21/12/2020,18:19:08,2020,2,Eleição Ordinária,1,426,Eleições Municipais 2020,15/11/2020,M,SP,72095,UBATUBA,72095,UBATUBA,144,195,13,Vereador,370,265,105,232,11,14,8,0,2283,#NE,#NE
21/12/2020,18:19:08,2020,2,Eleição Ordinária,1,426,Eleições Municipais 2020,15/11/2020,M,SP,72095,UBATUBA,72095,UBATUBA,144,195,11,Prefeito,370,265,105,240,8,17,0,0,2283,#NE,#NE
21/12/2020,18:19:08,2020,2,Eleição Ordinária,1,426,Eleições Municipais 2020,15/11/2020,M,SP,72095,UBATUBA,72095,UBATUBA,144,178,11,Prefeito,498,333,165,306,16,11,0,0,2283,#NE,#NE
21/12/2020,18:19:08,2020,2,Eleição Ordinária,1,426,Eleições Municipais 2020,15/11/2020,M,SP,72095,UBATUBA,72095,UBATUBA,144,178,13,Vereador,498,333,165,296,12,13,12,0,2283,#NE,#NE
21/12/2020,18:19:08,2020,2,Eleição Ordinária,1,426,Eleições Municipais 2020,15/11/2020,M,SP,72095,UBATUBA,72095,UBATUBA,144,183,11,Prefeito,400,290,110,259,9,22,0,0,2283,#NE,#NE
21/12/2020,18:19:08,2020,2,Eleição Ordinária,1,426,Eleições Municipais 2020,15/11/2020,M,SP,72095,UBATUBA,72095,UBATUBA,144,183,13,Vereador,400,290,110,254,8,7,21,0,2283,#NE,#NE
21/12/2020,18:19:08,2020,2,Eleição Ordinária,1,426,Eleições Municipais 2020,15/11/2020,M,SP,72095,UBATUBA,72095,UBATUBA,144,212,11,Prefeito,395,303,92,276,15,12,0,0,2283,#NE,#NE
21/12/2020,18:19:08,2020,2,Eleição Ordinária,1,426,Eleições Municipais 2020,15/11/2020,M,SP,72095,UBATUBA,72095,UBATUBA,144,212,13,Vereador,395,303,92,256,17,9,21,0,2283,#NE,#NE
21/12/2020,18:19:08,2020,2,Eleição Ordinária,1,426,Eleições Municipais 2020,15/11/2020,M,SP,72095,UBATUBA,72095,UBATUBA,144,187,13,Vereador,368,254,114,222,14,8,10,0,2283,#NE,#NE
21/12/2020,18:19:08,2020,2,Eleição Ordinária,1,426,Eleições Municipais 2020,15/11/2020,M,SP,72095,UBATUBA,72095,UBATUBA,144,187,11,Prefeito,368,254,114,235,8,11,0,0,2283,#NE,#NE
21/12/2020,18:19:08,2020,2,Eleição Ordinária,1,426,Eleições Municipais 2020,15/11/2020,M,SP,72095,UBATUBA,72095,UBATUBA,144,201,13,Vereador,391,279,112,244,10,11,14,0,2283,#NE,#NE
21/12/2020,18:19:08,2020,2,Eleição Ordinária,1,426,Eleições Municipais 2020,15/11/2020,M,SP,72095,UBATUBA,72095,UBATUBA,144,201,11,Prefeito,391,279,112,248,13,18,0,0,2283,#NE,#NE
21/12/2020,18:19:08,2020,2,Eleição Ordinária,1,426,Eleições Municipais 2020,15/11/2020,M,SP,72095,UBATUBA,72095,UBATUBA,144,206,11,Prefeito,387,258,129,236,7,15,0,0,2283,#NE,#NE
21/12/2020,18:19:08,2020,2,Eleição Ordinária,1,426,Eleições Municipais 2020,15/11/2020,M,SP,72095,UBATUBA,72095,UBATUBA,144,206,13,Vereador,387,258,129,224,7,17,10,0,2283,#NE,#NE
21/12/2020,18:19:08,2020,2,Eleição Ordinária,1,426,Eleições Municipais 2020,15/11/2020,M,SP,72095,UBATUBA,72095,UBATUBA,144,227,13,Vereador,397,312,85,273,12,11,16,0,2283,#NE,#NE
21/12/2020,18:19:08,2020,2,Eleição Ordinária,1,426,Eleições Municipais 2020,15/11/2020,M,SP,72095,UBATUBA,72095,UBATUBA,144,227,11,Prefeito,397,312,85,276,13,23,0,0,2283,#NE,#NE
21/12/2020,18:19:08,2020,2,Eleição Ordinária,1,426,Eleições Municipais 2020,15/11/2020,M,SP,72095,UBATUBA,72095,UBATUBA,144,20,13,Vereador,261,180,81,161,5,7,7,0,1031,#NE,#NE
21/12/2020,18:19:08,2020,2,Eleição Ordinária,1,426,Eleições Municipais 2020,15/11/2020,M,SP,72095,UBATUBA,72095,UBATUBA,144,20,11,Prefeito,261,180,81,167,4,9,0,0,1031,#NE,#NE
21/12/2020,18:19:08,2020,2,Eleição Ordinária,1,426,Eleições Municipais 2020,15/11/2020,M,SP,72095,UBATUBA,72095,UBATUBA,144,29,11,Prefeito,261,175,86,152,12,11,0,0,1031,#NE,#NE
21/12/2020,18:19:08,2020,2,Eleição Ordinária,1,426,Eleições Municipais 2020,15/11/2020,M,SP,72095,UBATUBA,72095,UBATUBA,144,29,13,Vereador,261,175,86,145,11,7,12,0,1031,#NE,#NE
21/12/2020,18:19:08,2020,2,Eleição Ordinária,1,426,Eleições Municipais 2020,15/11/2020,M,SP,72095,UBATUBA,72095,UBATUBA,144,21,11,Prefeito,262,170,92,154,6,10,0,0,1031,#NE,#NE
21/12/2020,18:19:08,2020,2,Eleição Ordinária,1,426,Eleições Municipais 2020,15/11/2020,M,SP,72095,UBATUBA,72095,UBATUBA,144,21,13,Vereador,262,170,92,147,6,7,10,0,1031,#NE,#NE
21/12/2020,18:19:08,2020,2,Eleição Ordinária,1,426,Eleições Municipais 2020,15/11/2020,M,SP,72095,UBATUBA,72095,UBATUBA,144,30,13,Vereador,264,175,89,163,3,4,5,0,1031,#NE,#NE
21/12/2020,18:19:08,2020,2,Eleição Ordinária,1,426,Eleições Municipais 2020,15/11/2020,M,SP,72095,UBATUBA,72095,UBATUBA,144,30,11,Prefeito,264,175,89,162,5,8,0,0,1031,#NE,#NE
21/12/2020,18:19:08,2020,2,Eleição Ordinária,1,426,Eleições Municipais 2020,15/11/2020,M,SP,72095,UBATUBA,72095,UBATUBA,144,18,11,Prefeito,260,163,97,145,8,10,0,0,1031,#NE,#NE
21/12/2020,18:19:08,2020,2,Eleição Ordinária,1,426,Eleições Municipais 2020,15/11/2020,M,SP,72095,UBATUBA,72095,UBATUBA,144,18,13,Vereador,260,163,97,140,8,8,7,0,1031,#NE,#NE
21/12/2020,18:19:08,2020,2,Eleição Ordinária,1,426,Eleições Municipais 2020,15/11/2020,M,SP,72095,UBATUBA,72095,UBATUBA,144,27,13,Vereador,300,186,114,150,5,10,21,0,1031,#NE,#NE
21/12/2020,18:19:08,2020,2,Eleição Ordinária,1,426,Eleições Municipais 2020,15/11/2020,M,SP,72095,UBATUBA,72095,UBATUBA,144,27,11,Prefeito,300,186,114,164,5,17,0,0,1031,#NE,#NE
21/12/2020,18:19:08,2020,2,Eleição Ordinária,1,426,Eleições Municipais 2020,15/11/2020,M,SP,72095,UBATUBA,72095,UBATUBA,144,19,13,Vereador,259,174,85,156,4,4,10,0,1031,#NE,#NE
21/12/2020,18:19:08,2020,2,Eleição Ordinária,1,426,Eleições Municipais 2020,15/11/2020,M,SP,72095,UBATUBA,72095,UBATUBA,144,19,11,Prefeito,259,174,85,164,6,4,0,0,1031,#NE,#NE
21/12/2020,18:19:08,2020,2,Eleição Ordinária,1,426,Eleições Municipais 2020,15/11/2020,M,SP,72095,UBATUBA,72095,UBATUBA,144,28,13,Vereador,262,183,79,155,8,8,12,0,1031,#NE,#NE
21/12/2020,18:19:08,2020,2,Eleição Ordinária,1,426,Eleições Municipais 2020,15/11/2020,M,SP,72095,UBATUBA,72095,UBATUBA,144,28,11,Prefeito,262,183,79,162,8,13,0,0,1031,#NE,#NE
21/12/2020,18:19:08,2020,2,Eleição Ordinária,1,426,Eleições Municipais 2020,15/11/2020,M,SP,72095,UBATUBA,72095,UBATUBA,144,17,11,Prefeito,263,177,86,160,10,7,0,0,1031,#NE,#NE
21/12/2020,18:19:08,2020,2,Eleição Ordinária,1,426,Eleições Municipais 2020,15/11/2020,M,SP,72095,UBATUBA,72095,UBATUBA,144,17,13,Vereador,263,177,86,156,8,4,9,0,1031,#NE,#NE
21/12/2020,18:19:08,2020,2,Eleição Ordinária,1,426,Eleições Municipais 2020,15/11/2020,M,SP,72095,UBATUBA,72095,UBATUBA,144,26,11,Prefeito,263,175,88,159,7,9,0,0,1031,#NE,#NE
21/12/2020,18:19:08,2020,2,Eleição Ordinária,1,426,Eleições Municipais 2020,15/11/2020,M,SP,72095,UBATUBA,72095,UBATUBA,144,26,13,Vereador,263,175,88,150,12,4,9,0,1031,#NE,#NE
21/12/2020,18:19:08,2020,2,Eleição Ordinária,1,426,Eleições Municipais 2020,15/11/2020,M,SP,72095,UBATUBA,72095,UBATUBA,144,35,13,Vereador,303,211,92,185,5,6,15,0,1031,#NE,#NE
21/12/2020,18:19:08,2020,2,Eleição Ordinária,1,426,Eleições Municipais 2020,15/11/2020,M,SP,72095,UBATUBA,72095,UBATUBA,144,35,11,Prefeito,303,211,92,190,7,14,0,0,1031,#NE,#NE
21/12/2020,18:19:08,2020,2,Eleição Ordinária,1,426,Eleições Municipais 2020,15/11/2020,M,SP,72095,UBATUBA,72095,UBATUBA,144,24,13,Vereador,263,170,93,148,3,9,10,0,1031,#NE,#NE
21/12/2020,18:19:08,2020,2,Eleição Ordinária,1,426,Eleições Municipais 2020,15/11/2020,M,SP,72095,UBATUBA,72095,UBATUBA,144,24,11,Prefeito,263,170,93,152,6,12,0,0,1031,#NE,#NE
21/12/2020,18:19:08,2020,2,Eleição Ordinária,1,426,Eleições Municipais 2020,15/11/2020,M,SP,72095,UBATUBA,72095,UBATUBA,144,33,13,Vereador,300,194,106,167,4,9,14,0,1031,#NE,#NE
21/12/2020,18:19:08,2020,2,Eleição Ordinária,1,426,Eleições Municipais 2020,15/11/2020,M,SP,72095,UBATUBA,72095,UBATUBA,144,33,11,Prefeito,300,194,106,175,6,13,0,0,1031,#NE,#NE
21/12/2020,18:19:08,2020,2,Eleição Ordinária,1,426,Eleições Municipais 2020,15/11/2020,M,SP,72095,UBATUBA,72095,UBATUBA,144,25,13,Vereador,263,187,76,168,4,8,7,0,1031,#NE,#NE
21/12/2020,18:19:08,2020,2,Eleição Ordinária,1,426,Eleições Municipais 2020,15/11/2020,M,SP,72095,UBATUBA,72095,UBATUBA,144,25,11,Prefeito,263,187,76,173,6,8,0,0,1031,#NE,#NE
21/12/2020,18:19:08,2020,2,Eleição Ordinária,1,426,Eleições Municipais 2020,15/11/2020,M,SP,72095,UBATUBA,72095,UBATUBA,144,34,11,Prefeito,301,201,100,183,7,11,0,0,1031,#NE,#NE
21/12/2020,18:19:08,2020,2,Eleição Ordinária,1,426,Eleições Municipais 2020,15/11/2020,M,SP,72095,UBATUBA,72095,UBATUBA,144,34,13,Vereador,301,201,100,174,5,7,15,0,1031,#NE,#NE
21/12/2020,18:19:08,2020,2,Eleição Ordinária,1,426,Eleições Municipais 2020,15/11/2020,M,SP,72095,UBATUBA,72095,UBATUBA,144,22,13,Vereador,262,166,96,149,7,4,6,0,1031,#NE,#NE
21/12/2020,18:19:08,2020,2,Eleição Ordinária,1,426,Eleições Municipais 2020,15/11/2020,M,SP,72095,UBATUBA,72095,UBATUBA,144,22,11,Prefeito,262,166,96,154,5,7,0,0,1031,#NE,#NE
21/12/2020,18:19:08,2020,2,Eleição Ordinária,1,426,Eleições Municipais 2020,15/11/2020,M,SP,72095,UBATUBA,72095,UBATUBA,144,31,11,Prefeito,394,261,133,241,9,11,0,0,1031,#NE,#NE
21/12/2020,18:19:08,2020,2,Eleição Ordinária,1,426,Eleições Municipais 2020,15/11/2020,M,SP,72095,UBATUBA,72095,UBATUBA,144,31,13,Vereador,394,261,133,236,9,6,10,0,1031,#NE,#NE
21/12/2020,18:19:08,2020,2,Eleição Ordinária,1,426,Eleições Municipais 2020,15/11/2020,M,SP,72095,UBATUBA,72095,UBATUBA,144,23,11,Prefeito,259,162,97,144,7,11,0,0,1031,#NE,#NE
21/12/2020,18:19:08,2020,2,Eleição Ordinária,1,426,Eleições Municipais 2020,15/11/2020,M,SP,72095,UBATUBA,72095,UBATUBA,144,23,13,Vereador,259,162,97,136,11,6,9,0,1031,#NE,#NE
21/12/2020,18:19:08,2020,2,Eleição Ordinária,1,426,Eleições Municipais 2020,15/11/2020,M,SP,72095,UBATUBA,72095,UBATUBA,144,32,11,Prefeito,392,263,129,228,14,21,0,0,1031,#NE,#NE
21/12/2020,18:19:08,2020,2,Eleição Ordinária,1,426,Eleições Municipais 2020,15/11/2020,M,SP,72095,UBATUBA,72095,UBATUBA,144,32,13,Vereador,392,263,129,231,8,17,7,0,1031,#NE,#NE
21/12/2020,18:19:08,2020,2,Eleição Ordinária,1,426,Eleições Municipais 2020,15/11/2020,M,SP,72095,UBATUBA,72095,UBATUBA,144,108,11,Prefeito,403,270,133,244,12,14,0,0,1090,#NE,#NE
21/12/2020,18:19:08,2020,2,Eleição Ordinária,1,426,Eleições Municipais 2020,15/11/2020,M,SP,72095,UBATUBA,72095,UBATUBA,144,108,13,Vereador,403,270,133,252,3,4,11,0,1090,#NE,#NE
21/12/2020,18:19:08,2020,2,Eleição Ordinária,1,426,Eleições Municipais 2020,15/11/2020,M,SP,72095,UBATUBA,72095,UBATUBA,144,66,13,Vereador,203,144,59,133,2,2,7,0,1090,#NE,#NE
21/12/2020,18:19:08,2020,2,Eleição Ordinária,1,426,Eleições Municipais 2020,15/11/2020,M,SP,72095,UBATUBA,72095,UBATUBA,144,66,11,Prefeito,203,144,59,132,3,9,0,0,1090,#NE,#NE
21/12/2020,18:19:08,2020,2,Eleição Ordinária,1,426,Eleições Municipais 2020,15/11/2020,M,SP,72095,UBATUBA,72095,UBATUBA,144,181,11,Prefeito,346,269,77,248,11,10,0,0,2097,#NE,#NE
21/12/2020,18:19:08,2020,2,Eleição Ordinária,1,426,Eleições Municipais 2020,15/11/2020,M,SP,72095,UBATUBA,72095,UBATUBA,144,181,13,Vereador,346,269,77,247,7,5,10,0,2097,#NE,#NE
21/12/2020,18:19:08,2020,2,Eleição Ordinária,1,426,Eleições Municipais 2020,15/11/2020,M,SP,72095,UBATUBA,72095,UBATUBA,144,204,13,Vereador,381,287,94,254,10,9,14,0,2097,#NE,#NE
21/12/2020,18:19:08,2020,2,Eleição Ordinária,1,426,Eleições Municipais 2020,15/11/2020,M,SP,72095,UBATUBA,72095,UBATUBA,144,204,11,Prefeito,381,287,94,255,18,14,0,0,2097,#NE,#NE
21/12/2020,18:19:08,2020,2,Eleição Ordinária,1,426,Eleições Municipais 2020,15/11/2020,M,SP,72095,UBATUBA,72095,UBATUBA,144,157,11,Prefeito,348,280,68,255,11,14,0,0,2097,#NE,#NE
21/12/2020,18:19:08,2020,2,Eleição Ordinária,1,426,Eleições Municipais 2020,15/11/2020,M,SP,72095,UBATUBA,72095,UBATUBA,144,157,13,Vereador,348,280,68,263,4,3,10,0,2097,#NE,#NE
21/12/2020,18:19:08,2020,2,Eleição Ordinária,1,426,Eleições Municipais 2020,15/11/2020,M,SP,72095,UBATUBA,72095,UBATUBA,144,133,13,Vereador,358,274,84,241,9,7,17,0,2097,#NE,#NE
21/12/2020,18:19:08,2020,2,Eleição Ordinária,1,426,Eleições Municipais 2020,15/11/2020,M,SP,72095,UBATUBA,72095,UBATUBA,144,133,11,Prefeito,358,274,84,247,12,15,0,0,2097,#NE,#NE
21/12/2020,18:19:08,2020,2,Eleição Ordinária,1,426,Eleições Municipais 2020,15/11/2020,M,SP,72095,UBATUBA,72095,UBATUBA,144,222,13,Vereador,364,303,61,279,6,5,13,0,2097,#NE,#NE
21/12/2020,18:19:08,2020,2,Eleição Ordinária,1,426,Eleições Municipais 2020,15/11/2020,M,SP,72095,UBATUBA,72095,UBATUBA,144,222,11,Prefeito,364,303,61,280,13,10,0,0,2097,#NE,#NE
21/12/2020,18:19:08,2020,2,Eleição Ordinária,1,426,Eleições Municipais 2020,15/11/2020,M,SP,72095,UBATUBA,72095,UBATUBA,144,96,13,Vereador,452,304,148,258,24,7,15,0,1082,#NE,#NE
21/12/2020,18:19:08,2020,2,Eleição Ordinária,1,426,Eleições Municipais 2020,15/11/2020,M,SP,72095,UBATUBA,72095,UBATUBA,144,96,11,Prefeito,452,304,148,260,26,18,0,0,1082,#NE,#NE
21/12/2020,18:19:08,2020,2,Eleição Ordinária,1,426,Eleições Municipais 2020,15/11/2020,M,SP,72095,UBATUBA,72095,UBATUBA,144,57,11,Prefeito,349,241,108,219,9,13,0,0,1082,#NE,#NE
21/12/2020,18:19:08,2020,2,Eleição Ordinária,1,426,Eleições Municipais 2020,15/11/2020,M,SP,72095,UBATUBA,72095,UBATUBA,144,57,13,Vereador,349,241,108,201,11,11,18,0,1082,#NE,#NE
21/12/2020,18:19:08,2020,2,Eleição Ordinária,1,426,Eleições Municipais 2020,15/11/2020,M,SP,72095,UBATUBA,72095,UBATUBA,144,180,13,Vereador,345,236,109,193,11,19,13,0,1082,#NE,#NE
21/12/2020,18:19:08,2020,2,Eleição Ordinária,1,426,Eleições Municipais 2020,15/11/2020,M,SP,72095,UBATUBA,72095,UBATUBA,144,180,11,Prefeito,345,236,109,204,10,22,0,0,1082,#NE,#NE
21/12/2020,18:19:08,2020,2,Eleição Ordinária,1,426,Eleições Municipais 2020,15/11/2020,M,SP,72095,UBATUBA,72095,UBATUBA,144,192,11,Prefeito,338,230,108,183,26,21,0,0,1082,#NE,#NE
21/12/2020,18:19:08,2020,2,Eleição Ordinária,1,426,Eleições Municipais 2020,15/11/2020,M,SP,72095,UBATUBA,72095,UBATUBA,144,192,13,Vereador,338,230,108,171,24,18,17,0,1082,#NE,#NE
21/12/2020,18:19:08,2020,2,Eleição Ordinária,1,426,Eleições Municipais 2020,15/11/2020,M,SP,72095,UBATUBA,72095,UBATUBA,144,149,11,Prefeito,450,297,153,267,17,13,0,0,1082,#NE,#NE
21/12/2020,18:19:08,2020,2,Eleição Ordinária,1,426,Eleições Municipais 2020,15/11/2020,M,SP,72095,UBATUBA,72095,UBATUBA,144,149,13,Vereador,450,297,153,255,15,14,13,0,1082,#NE,#NE
21/12/2020,18:19:08,2020,2,Eleição Ordinária,1,426,Eleições Municipais 2020,15/11/2020,M,SP,72095,UBATUBA,72095,UBATUBA,144,75,13,Vereador,452,290,162,250,9,17,14,0,1082,#NE,#NE
21/12/2020,18:19:08,2020,2,Eleição Ordinária,1,426,Eleições Municipais 2020,15/11/2020,M,SP,72095,UBATUBA,72095,UBATUBA,144,75,11,Prefeito,452,290,162,245,15,30,0,0,1082,#NE,#NE
21/12/2020,18:19:08,2020,2,Eleição Ordinária,1,426,Eleições Municipais 2020,15/11/2020,M,SP,72095,UBATUBA,72095,UBATUBA,144,160,13,Vereador,223,162,61,141,5,6,10,0,2143,#NE,#NE
21/12/2020,18:19:08,2020,2,Eleição Ordinária,1,426,Eleições Municipais 2020,15/11/2020,M,SP,72095,UBATUBA,72095,UBATUBA,144,160,11,Prefeito,223,162,61,148,6,8,0,0,2143,#NE,#NE
21/12/2020,18:19:08,2020,2,Eleição Ordinária,1,426,Eleições Municipais 2020,15/11/2020,M,SP,72095,UBATUBA,72095,UBATUBA,144,97,11,Prefeito,459,351,108,324,16,11,0,0,2143,#NE,#NE
21/12/2020,18:19:08,2020,2,Eleição Ordinária,1,426,Eleições Municipais 2020,15/11/2020,M,SP,72095,UBATUBA,72095,UBATUBA,144,97,13,Vereador,459,351,108,321,11,9,10,0,2143,#NE,#NE
21/12/2020,18:19:08,2020,2,Eleição Ordinária,1,426,Eleições Municipais 2020,15/11/2020,M,SP,72095,UBATUBA,72095,UBATUBA,144,118,13,Vereador,444,330,114,283,14,14,19,0,2143,#NE,#NE
21/12/2020,18:19:08,2020,2,Eleição Ordinária,1,426,Eleições Municipais 2020,15/11/2020,M,SP,72095,UBATUBA,72095,UBATUBA,144,118,11,Prefeito,444,330,114,308,9,13,0,0,2143,#NE,#NE
21/12/2020,18:19:08,2020,2,Eleição Ordinária,1,426,Eleições Municipais 2020,15/11/2020,M,SP,72095,UBATUBA,72095,UBATUBA,144,105,11,Prefeito,448,335,113,314,9,12,0,0,2143,#NE,#NE
21/12/2020,18:19:08,2020,2,Eleição Ordinária,1,426,Eleições Municipais 2020,15/11/2020,M,SP,72095,UBATUBA,72095,UBATUBA,144,105,13,Vereador,448,335,113,309,9,8,9,0,2143,#NE,#NE
21/12/2020,18:19:08,2020,2,Eleição Ordinária,1,426,Eleições Municipais 2020,15/11/2020,M,SP,72095,UBATUBA,72095,UBATUBA,144,139,11,Prefeito,433,321,112,302,7,12,0,0,2143,#NE,#NE
21/12/2020,18:19:08,2020,2,Eleição Ordinária,1,426,Eleições Municipais 2020,15/11/2020,M,SP,72095,UBATUBA,72095,UBATUBA,144,139,13,Vereador,433,321,112,296,9,8,8,0,2143,#NE,#NE
21/12/2020,18:19:08,2020,2,Eleição Ordinária,1,426,Eleições Municipais 2020,15/11/2020,M,SP,72095,UBATUBA,72095,UBATUBA,144,42,13,Vereador,493,352,141,311,8,14,19,0,1058,#NE,#NE
21/12/2020,18:19:08,2020,2,Eleição Ordinária,1,426,Eleições Municipais 2020,15/11/2020,M,SP,72095,UBATUBA,72095,UBATUBA,144,42,11,Prefeito,493,352,141,320,9,23,0,0,1058,#NE,#NE
21/12/2020,18:19:08,2020,2,Eleição Ordinária,1,426,Eleições Municipais 2020,15/11/2020,M,SP,72095,UBATUBA,72095,UBATUBA,144,43,11,Prefeito,494,350,144,317,15,18,0,0,1058,#NE,#NE
21/12/2020,18:19:08,2020,2,Eleição Ordinária,1,426,Eleições Municipais 2020,15/11/2020,M,SP,72095,UBATUBA,72095,UBATUBA,144,43,13,Vereador,494,350,144,314,13,14,9,0,1058,#NE,#NE
21/12/2020,18:19:08,2020,2,Eleição Ordinária,1,426,Eleições Municipais 2020,15/11/2020,M,SP,72095,UBATUBA,72095,UBATUBA,144,44,11,Prefeito,493,354,139,326,12,16,0,0,1058,#NE,#NE
21/12/2020,18:19:08,2020,2,Eleição Ordinária,1,426,Eleições Municipais 2020,15/11/2020,M,SP,72095,UBATUBA,72095,UBATUBA,144,44,13,Vereador,493,354,139,318,15,12,9,0,1058,#NE,#NE
21/12/2020,18:19:08,2020,2,Eleição Ordinária,1,426,Eleições Municipais 2020,15/11/2020,M,SP,72095,UBATUBA,72095,UBATUBA,144,45,11,Prefeito,375,259,116,228,10,21,0,0,1058,#NE,#NE
21/12/2020,18:19:08,2020,2,Eleição Ordinária,1,426,Eleições Municipais 2020,15/11/2020,M,SP,72095,UBATUBA,72095,UBATUBA,144,45,13,Vereador,375,259,116,230,9,11,9,0,1058,#NE,#NE
21/12/2020,18:19:08,2020,2,Eleição Ordinária,1,426,Eleições Municipais 2020,15/11/2020,M,SP,72095,UBATUBA,72095,UBATUBA,144,126,11,Prefeito,369,269,100,241,9,19,0,0,1058,#NE,#NE
21/12/2020,18:19:08,2020,2,Eleição Ordinária,1,426,Eleições Municipais 2020,15/11/2020,M,SP,72095,UBATUBA,72095,UBATUBA,144,126,13,Vereador,369,269,100,236,7,14,12,0,1058,#NE,#NE
21/12/2020,18:19:08,2020,2,Eleição Ordinária,1,426,Eleições Municipais 2020,15/11/2020,M,SP,72095,UBATUBA,72095,UBATUBA,144,69,13,Vereador,369,272,97,243,12,7,10,0,1058,#NE,#NE
21/12/2020,18:19:08,2020,2,Eleição Ordinária,1,426,Eleições Municipais 2020,15/11/2020,M,SP,72095,UBATUBA,72095,UBATUBA,144,69,11,Prefeito,369,272,97,246,15,11,0,0,1058,#NE,#NE
21/12/2020,18:19:08,2020,2,Eleição Ordinária,1,426,Eleições Municipais 2020,15/11/2020,M,SP,72095,UBATUBA,72095,UBATUBA,144,62,13,Vereador,368,259,109,231,9,10,9,0,1058,#NE,#NE
21/12/2020,18:19:08,2020,2,Eleição Ordinária,1,426,Eleições Municipais 2020,15/11/2020,M,SP,72095,UBATUBA,72095,UBATUBA,144,62,11,Prefeito,368,259,109,238,12,9,0,0,1058,#NE,#NE
21/12/2020,18:19:08,2020,2,Eleição Ordinária,1,426,Eleições Municipais 2020,15/11/2020,M,SP,72095,UBATUBA,72095,UBATUBA,144,46,13,Vereador,374,267,107,240,7,12,8,0,1058,#NE,#NE
21/12/2020,18:19:08,2020,2,Eleição Ordinária,1,426,Eleições Municipais 2020,15/11/2020,M,SP,72095,UBATUBA,72095,UBATUBA,144,46,11,Prefeito,374,267,107,247,6,14,0,0,1058,#NE,#NE
21/12/2020,18:19:08,2020,2,Eleição Ordinária,1,426,Eleições Municipais 2020,15/11/2020,M,SP,72095,UBATUBA,72095,UBATUBA,144,47,11,Prefeito,371,269,102,252,10,7,0,0,1058,#NE,#NE
21/12/2020,18:19:08,2020,2,Eleição Ordinária,1,426,Eleições Municipais 2020,15/11/2020,M,SP,72095,UBATUBA,72095,UBATUBA,144,47,13,Vereador,371,269,102,254,7,3,5,0,1058,#NE,#NE
21/12/2020,18:19:08,2020,2,Eleição Ordinária,1,426,Eleições Municipais 2020,15/11/2020,M,SP,72095,UBATUBA,72095,UBATUBA,144,191,13,Vereador,370,250,120,219,7,13,11,0,1058,#NE,#NE
21/12/2020,18:19:08,2020,2,Eleição Ordinária,1,426,Eleições Municipais 2020,15/11/2020,M,SP,72095,UBATUBA,72095,UBATUBA,144,191,11,Prefeito,370,250,120,224,9,17,0,0,1058,#NE,#NE
21/12/2020,18:19:08,2020,2,Eleição Ordinária,1,426,Eleições Municipais 2020,15/11/2020,M,SP,72095,UBATUBA,72095,UBATUBA,144,48,11,Prefeito,380,280,100,262,9,9,0,0,1058,#NE,#NE
21/12/2020,18:19:08,2020,2,Eleição Ordinária,1,426,Eleições Municipais 2020,15/11/2020,M,SP,72095,UBATUBA,72095,UBATUBA,144,48,13,Vereador,380,280,100,258,6,6,10,0,1058,#NE,#NE
21/12/2020,18:19:08,2020,2,Eleição Ordinária,1,426,Eleições Municipais 2020,15/11/2020,M,SP,72095,UBATUBA,72095,UBATUBA,144,49,13,Vereador,372,267,105,241,7,8,11,0,1058,#NE,#NE
21/12/2020,18:19:08,2020,2,Eleição Ordinária,1,426,Eleições Municipais 2020,15/11/2020,M,SP,72095,UBATUBA,72095,UBATUBA,144,49,11,Prefeito,372,267,105,250,8,9,0,0,1058,#NE,#NE
21/12/2020,18:19:08,2020,2,Eleição Ordinária,1,426,Eleições Municipais 2020,15/11/2020,M,SP,72095,UBATUBA,72095,UBATUBA,144,112,13,Vereador,321,222,99,196,7,10,9,0,2070,#NE,#NE
21/12/2020,18:19:08,2020,2,Eleição Ordinária,1,426,Eleições Municipais 2020,15/11/2020,M,SP,72095,UBATUBA,72095,UBATUBA,144,112,11,Prefeito,321,222,99,200,10,12,0,0,2070,#NE,#NE
21/12/2020,18:19:08,2020,2,Eleição Ordinária,1,426,Eleições Municipais 2020,15/11/2020,M,SP,72095,UBATUBA,72095,UBATUBA,144,136,13,Vereador,346,225,121,191,9,11,14,0,2070,#NE,#NE
21/12/2020,18:19:08,2020,2,Eleição Ordinária,1,426,Eleições Municipais 2020,15/11/2020,M,SP,72095,UBATUBA,72095,UBATUBA,144,136,11,Prefeito,346,225,121,189,13,23,0,0,2070,#NE,#NE
21/12/2020,18:19:08,2020,2,Eleição Ordinária,1,426,Eleições Municipais 2020,15/11/2020,M,SP,72095,UBATUBA,72095,UBATUBA,144,120,11,Prefeito,341,216,125,189,10,17,0,0,2070,#NE,#NE
21/12/2020,18:19:08,2020,2,Eleição Ordinária,1,426,Eleições Municipais 2020,15/11/2020,M,SP,72095,UBATUBA,72095,UBATUBA,144,120,13,Vereador,341,216,125,186,8,11,11,0,2070,#NE,#NE
21/12/2020,18:19:08,2020,2,Eleição Ordinária,1,426,Eleições Municipais 2020,15/11/2020,M,SP,72095,UBATUBA,72095,UBATUBA,144,168,11,Prefeito,321,226,95,195,17,14,0,0,2070,#NE,#NE
21/12/2020,18:19:08,2020,2,Eleição Ordinária,1,426,Eleições Municipais 2020,15/11/2020,M,SP,72095,UBATUBA,72095,UBATUBA,144,168,13,Vereador,321,226,95,198,13,7,8,0,2070,#NE,#NE
21/12/2020,18:19:08,2020,2,Eleição Ordinária,1,426,Eleições Municipais 2020,15/11/2020,M,SP,72095,UBATUBA,72095,UBATUBA,144,152,13,Vereador,324,216,108,182,12,9,13,0,2070,#NE,#NE
21/12/2020,18:19:08,2020,2,Eleição Ordinária,1,426,Eleições Municipais 2020,15/11/2020,M,SP,72095,UBATUBA,72095,UBATUBA,144,152,11,Prefeito,324,216,108,187,15,14,0,0,2070,#NE,#NE
21/12/2020,18:19:08,2020,2,Eleição Ordinária,1,426,Eleições Municipais 2020,15/11/2020,M,SP,72095,UBATUBA,72095,UBATUBA,144,37,11,Prefeito,490,313,177,267,23,23,0,0,2070,#NE,#NE
21/12/2020,18:19:08,2020,2,Eleição Ordinária,1,426,Eleições Municipais 2020,15/11/2020,M,SP,72095,UBATUBA,72095,UBATUBA,144,37,13,Vereador,490,313,177,261,16,16,20,0,2070,#NE,#NE
21/12/2020,18:19:08,2020,2,Eleição Ordinária,1,426,Eleições Municipais 2020,15/11/2020,M,SP,72095,UBATUBA,72095,UBATUBA,144,127,11,Prefeito,322,196,126,171,13,12,0,0,2070,#NE,#NE
21/12/2020,18:19:08,2020,2,Eleição Ordinária,1,426,Eleições Municipais 2020,15/11/2020,M,SP,72095,UBATUBA,72095,UBATUBA,144,127,13,Vereador,322,196,126,168,12,11,5,0,2070,#NE,#NE
21/12/2020,18:19:08,2020,2,Eleição Ordinária,1,426,Eleições Municipais 2020,15/11/2020,M,SP,72095,UBATUBA,72095,UBATUBA,144,38,11,Prefeito,488,307,181,273,14,20,0,0,2070,#NE,#NE
21/12/2020,18:19:08,2020,2,Eleição Ordinária,1,426,Eleições Municipais 2020,15/11/2020,M,SP,72095,UBATUBA,72095,UBATUBA,144,38,13,Vereador,488,307,181,261,18,12,16,0,2070,#NE,#NE
21/12/2020,18:19:08,2020,2,Eleição Ordinária,1,426,Eleições Municipais 2020,15/11/2020,M,SP,72095,UBATUBA,72095,UBATUBA,144,39,11,Prefeito,326,197,129,175,11,11,0,0,2070,#NE,#NE
21/12/2020,18:19:08,2020,2,Eleição Ordinária,1,426,Eleições Municipais 2020,15/11/2020,M,SP,72095,UBATUBA,72095,UBATUBA,144,39,13,Vereador,326,197,129,173,10,8,6,0,2070,#NE,#NE
21/12/2020,18:19:08,2020,2,Eleição Ordinária,1,426,Eleições Municipais 2020,15/11/2020,M,SP,72095,UBATUBA,72095,UBATUBA,144,40,13,Vereador,324,232,92,207,9,8,8,0,2070,#NE,#NE
21/12/2020,18:19:08,2020,2,Eleição Ordinária,1,426,Eleições Municipais 2020,15/11/2020,M,SP,72095,UBATUBA,72095,UBATUBA,144,40,11,Prefeito,324,232,92,206,14,12,0,0,2070,#NE,#NE
21/12/2020,18:19:08,2020,2,Eleição Ordinária,1,426,Eleições Municipais 2020,15/11/2020,M,SP,72095,UBATUBA,72095,UBATUBA,144,58,11,Prefeito,318,227,91,193,14,20,0,0,2070,#NE,#NE
21/12/2020,18:19:08,2020,2,Eleição Ordinária,1,426,Eleições Municipais 2020,15/11/2020,M,SP,72095,UBATUBA,72095,UBATUBA,144,58,13,Vereador,318,227,91,200,7,14,6,0,2070,#NE,#NE
21/12/2020,18:19:08,2020,2,Eleição Ordinária,1,426,Eleições Municipais 2020,15/11/2020,M,SP,72095,UBATUBA,72095,UBATUBA,144,137,13,Vereador,356,204,152,186,5,5,8,0,2089,#NE,#NE
21/12/2020,18:19:08,2020,2,Eleição Ordinária,1,426,Eleições Municipais 2020,15/11/2020,M,SP,72095,UBATUBA,72095,UBATUBA,144,137,11,Prefeito,356,204,152,185,9,10,0,0,2089,#NE,#NE
21/12/2020,18:19:08,2020,2,Eleição Ordinária,1,426,Eleições Municipais 2020,15/11/2020,M,SP,72095,UBATUBA,72095,UBATUBA,144,124,13,Vereador,351,215,136,184,16,11,4,0,2089,#NE,#NE
21/12/2020,18:19:08,2020,2,Eleição Ordinária,1,426,Eleições Municipais 2020,15/11/2020,M,SP,72095,UBATUBA,72095,UBATUBA,144,124,11,Prefeito,351,215,136,183,15,17,0,0,2089,#NE,#NE
21/12/2020,18:19:08,2020,2,Eleição Ordinária,1,426,Eleições Municipais 2020,15/11/2020,M,SP,72095,UBATUBA,72095,UBATUBA,144,156,11,Prefeito,351,226,125,203,7,16,0,0,2089,#NE,#NE
21/12/2020,18:19:08,2020,2,Eleição Ordinária,1,426,Eleições Municipais 2020,15/11/2020,M,SP,72095,UBATUBA,72095,UBATUBA,144,156,13,Vereador,351,226,125,204,7,8,7,0,2089,#NE,#NE
21/12/2020,18:19:08,2020,2,Eleição Ordinária,1,426,Eleições Municipais 2020,15/11/2020,M,SP,72095,UBATUBA,72095,UBATUBA,144,216,11,Prefeito,378,234,144,203,10,21,0,0,2089,#NE,#NE
21/12/2020,18:19:08,2020,2,Eleição Ordinária,1,426,Eleições Municipais 2020,15/11/2020,M,SP,72095,UBATUBA,72095,UBATUBA,144,216,13,Vereador,378,234,144,192,11,20,11,0,2089,#NE,#NE
21/12/2020,18:19:08,2020,2,Eleição Ordinária,1,426,Eleições Municipais 2020,15/11/2020,M,SP,72095,UBATUBA,72095,UBATUBA,144,170,11,Prefeito,359,229,130,201,12,16,0,0,2089,#NE,#NE
21/12/2020,18:19:08,2020,2,Eleição Ordinária,1,426,Eleições Municipais 2020,15/11/2020,M,SP,72095,UBATUBA,72095,UBATUBA,144,170,13,Vereador,359,229,130,211,7,9,2,0,2089,#NE,#NE
21/12/2020,18:19:08,2020,2,Eleição Ordinária,1,426,Eleições Municipais 2020,15/11/2020,M,SP,72095,UBATUBA,72095,UBATUBA,144,202,13,Vereador,369,245,124,211,12,17,5,0,2089,#NE,#NE
21/12/2020,18:19:08,2020,2,Eleição Ordinária,1,426,Eleições Municipais 2020,15/11/2020,M,SP,72095,UBATUBA,72095,UBATUBA,144,202,11,Prefeito,369,245,124,207,15,23,0,0,2089,#NE,#NE
21/12/2020,18:19:08,2020,2,Eleição Ordinária,1,426,Eleições Municipais 2020,15/11/2020,M,SP,72095,UBATUBA,72095,UBATUBA,144,196,11,Prefeito,345,219,126,189,12,18,0,0,2089,#NE,#NE
21/12/2020,18:19:08,2020,2,Eleição Ordinária,1,426,Eleições Municipais 2020,15/11/2020,M,SP,72095,UBATUBA,72095,UBATUBA,144,196,13,Vereador,345,219,126,187,7,15,10,0,2089,#NE,#NE
21/12/2020,18:19:08,2020,2,Eleição Ordinária,1,426,Eleições Municipais 2020,15/11/2020,M,SP,72095,UBATUBA,72095,UBATUBA,144,115,13,Vereador,358,210,148,183,8,11,8,0,2089,#NE,#NE
21/12/2020,18:19:08,2020,2,Eleição Ordinária,1,426,Eleições Municipais 2020,15/11/2020,M,SP,72095,UBATUBA,72095,UBATUBA,144,115,11,Prefeito,358,210,148,186,10,14,0,0,2089,#NE,#NE
21/12/2020,18:19:08,2020,2,Eleição Ordinária,1,426,Eleições Municipais 2020,15/11/2020,M,SP,72095,UBATUBA,72095,UBATUBA,144,209,13,Vereador,375,214,161,183,7,14,10,0,2089,#NE,#NE
21/12/2020,18:19:08,2020,2,Eleição Ordinária,1,426,Eleições Municipais 2020,15/11/2020,M,SP,72095,UBATUBA,72095,UBATUBA,144,209,11,Prefeito,375,214,161,183,10,21,0,0,2089,#NE,#NE
21/12/2020,18:19:08,2020,2,Eleição Ordinária,1,426,Eleições Municipais 2020,15/11/2020,M,SP,72095,UBATUBA,72095,UBATUBA,144,65,13,Vereador,371,254,117,227,5,11,11,0,2119,#NE,#NE
21/12/2020,18:19:08,2020,2,Eleição Ordinária,1,426,Eleições Municipais 2020,15/11/2020,M,SP,72095,UBATUBA,72095,UBATUBA,144,65,11,Prefeito,371,254,117,228,9,17,0,0,2119,#NE,#NE
21/12/2020,18:19:08,2020,2,Eleição Ordinária,1,426,Eleições Municipais 2020,15/11/2020,M,SP,72095,UBATUBA,72095,UBATUBA,144,141,11,Prefeito,364,233,131,214,6,13,0,0,2119,#NE,#NE
21/12/2020,18:19:08,2020,2,Eleição Ordinária,1,426,Eleições Municipais 2020,15/11/2020,M,SP,72095,UBATUBA,72095,UBATUBA,144,141,13,Vereador,364,233,131,202,5,14,12,0,2119,#NE,#NE
21/12/2020,18:19:08,2020,2,Eleição Ordinária,1,426,Eleições Municipais 2020,15/11/2020,M,SP,72095,UBATUBA,72095,UBATUBA,144,220,11,Prefeito,395,251,144,220,14,17,0,0,2119,#NE,#NE
21/12/2020,18:19:08,2020,2,Eleição Ordinária,1,426,Eleições Municipais 2020,15/11/2020,M,SP,72095,UBATUBA,72095,UBATUBA,144,220,13,Vereador,395,251,144,209,19,12,11,0,2119,#NE,#NE
21/12/2020,18:19:08,2020,2,Eleição Ordinária,1,426,Eleições Municipais 2020,15/11/2020,M,SP,72095,UBATUBA,72095,UBATUBA,144,102,13,Vereador,366,220,146,190,6,15,9,0,2119,#NE,#NE
21/12/2020,18:19:08,2020,2,Eleição Ordinária,1,426,Eleições Municipais 2020,15/11/2020,M,SP,72095,UBATUBA,72095,UBATUBA,144,102,11,Prefeito,366,220,146,191,8,21,0,0,2119,#NE,#NE
21/12/2020,18:19:08,2020,2,Eleição Ordinária,1,426,Eleições Municipais 2020,15/11/2020,M,SP,72095,UBATUBA,72095,UBATUBA,144,81,13,Vereador,372,241,131,204,13,13,11,0,2119,#NE,#NE
21/12/2020,18:19:08,2020,2,Eleição Ordinária,1,426,Eleições Municipais 2020,15/11/2020,M,SP,72095,UBATUBA,72095,UBATUBA,144,81,11,Prefeito,372,241,131,210,15,16,0,0,2119,#NE,#NE
21/12/2020,18:19:08,2020,2,Eleição Ordinária,1,426,Eleições Municipais 2020,15/11/2020,M,SP,72095,UBATUBA,72095,UBATUBA,144,171,13,Vereador,373,223,150,204,6,9,4,0,2119,#NE,#NE
21/12/2020,18:19:08,2020,2,Eleição Ordinária,1,426,Eleições Municipais 2020,15/11/2020,M,SP,72095,UBATUBA,72095,UBATUBA,144,171,11,Prefeito,373,223,150,202,7,14,0,0,2119,#NE,#NE
